"","ID","Description","setSize","enrichmentScore","NES","pvalue","p.adjust","qvalues","rank","leading_edge","core_enrichment"
"GO:0050789","GO:0050789","regulation of biological process",442,0.327639133751691,1.65653194552623,0.00111482720178372,0.00906810727377966,0.00540735400144196,163,"tags=25%, list=19%, signal=42%","DNMT3A/TPX2/MKI67/CCNB1/PLK1/BIRC5/FOXM1/TOP2A/DPYSL3/AURKA/KPNA2/CENPF/HMGB2/KIF2C/PPME1/CDC20/APOBEC3B/UBE2C/AURKB/AARS/CEP55/ASNS/DLGAP5/CDK1/MYBL2/CCNB2/KIF23/ESPL1/KIF18B/DYSF/BUB1/KIF14/FAM83D/KIF20A/CIT/CENPE/CCNA2/HMMR/ASPM/NUSAP1/PRC1/TACC3/HJURP/PTTG1/SPAG5/NEK2/LAMC2/DEPDC1/PHGDH/SHCBP1/KIF11/CCNF/ANLN/GTSE1/PRR11/TTK/CDC25B/CDH13/ZBED2/ANKRD1/NDC80/PBK/CDCA2/CDCA5/KNL1/BRIP1/DBF4B/POLQ/CDKN3/BUB1B/SERPINE1/ASB2/CSF2/STC2/SNCG/DEPDC1B/PIF1/TRIP13/SKA3/SAPCD2/FANCD2/CIP2A/H2AFX/PAPPA2/GPC4/ESCO2/PSRC1/BORA/PCLAF/INCENP/BLM/TICRR/ARHGEF39/SKA1/CCNA1/SEMA7A/IL6/SCARF1/COL6A3/GAL/IL20RB/THBD/TNFRSF9/ULBP1/CDC25C/CTSV/ANKLE1/DSCC1/SERPINB7/SIGLEC15/UCP2/S1PR3"
"GO:0065007","GO:0065007","biological regulation",469,0.314618069679047,1.5905359694128,0.00111607142857143,0.00906810727377966,0.00540735400144196,163,"tags=25%, list=19%, signal=44%","DNMT3A/TPX2/MKI67/CCNB1/PLK1/BIRC5/FOXM1/TOP2A/DPYSL3/AURKA/KPNA2/CENPF/HMGB2/KIF2C/PPME1/CDC20/APOBEC3B/UBE2C/AURKB/AARS/CEP55/ASNS/DLGAP5/CDK1/MYBL2/CCNB2/KIF23/ESPL1/KIF18B/DYSF/BUB1/KIF14/FAM83D/KIF20A/CIT/CENPE/CCNA2/HMMR/ASPM/NUSAP1/PRC1/TACC3/HJURP/PTTG1/SPAG5/NCAPH/NEK2/LAMC2/DEPDC1/PHGDH/SHCBP1/KIF11/CCNF/ANLN/GTSE1/PRR11/TTK/CDC25B/CDH13/ZBED2/ANKRD1/NDC80/PBK/CDCA2/CDCA5/KNL1/BRIP1/DBF4B/POLQ/CDKN3/BUB1B/SERPINE1/ASB2/CSF2/STC2/SNCG/DEPDC1B/PIF1/TRIP13/SKA3/SAPCD2/FANCD2/CIP2A/H2AFX/PAPPA2/GPC4/SLCO4A1/ESCO2/PSRC1/BORA/PCLAF/INCENP/ALOX5AP/BLM/TICRR/ARHGEF39/SKA1/CCNA1/SEMA7A/IL6/SCARF1/COL6A3/GAL/IL20RB/THBD/TNFRSF9/ULBP1/CDC25C/CTSV/ANKLE1/DSCC1/SERPINB7/SIGLEC15/UCP2/S1PR3"
"GO:0050794","GO:0050794","regulation of cellular process",409,0.361839722742316,1.82735972334049,0.00112994350282486,0.00906810727377966,0.00540735400144196,163,"tags=27%, list=19%, signal=42%","DNMT3A/TPX2/MKI67/CCNB1/PLK1/BIRC5/FOXM1/TOP2A/DPYSL3/AURKA/KPNA2/CENPF/HMGB2/KIF2C/PPME1/CDC20/APOBEC3B/UBE2C/AURKB/AARS/CEP55/ASNS/DLGAP5/CDK1/MYBL2/CCNB2/KIF23/ESPL1/KIF18B/DYSF/BUB1/KIF14/FAM83D/KIF20A/CIT/CENPE/CCNA2/HMMR/ASPM/NUSAP1/PRC1/TACC3/HJURP/PTTG1/SPAG5/NEK2/LAMC2/DEPDC1/SHCBP1/KIF11/CCNF/ANLN/GTSE1/PRR11/TTK/CDC25B/CDH13/ZBED2/ANKRD1/NDC80/PBK/CDCA2/CDCA5/KNL1/BRIP1/DBF4B/POLQ/CDKN3/BUB1B/SERPINE1/ASB2/CSF2/STC2/SNCG/DEPDC1B/PIF1/TRIP13/SKA3/SAPCD2/FANCD2/CIP2A/H2AFX/PAPPA2/GPC4/ESCO2/PSRC1/BORA/PCLAF/INCENP/BLM/TICRR/ARHGEF39/SKA1/CCNA1/SEMA7A/IL6/SCARF1/COL6A3/GAL/IL20RB/THBD/TNFRSF9/CDC25C/CTSV/ANKLE1/DSCC1/SERPINB7/SIGLEC15/UCP2/S1PR3"
"GO:0008152","GO:0008152","metabolic process",375,0.307948109216358,1.54708186304788,0.00114155251141553,0.00906810727377966,0.00540735400144196,129,"tags=22%, list=15%, signal=33%","DNMT3A/TPX2/CCNB1/PLK1/BIRC5/FOXM1/TOP2A/AURKA/KPNA2/CENPF/TK1/HMGB2/PPME1/CDC20/APOBEC3B/UBE2C/AURKB/AARS/ASNS/DLGAP5/CDCA3/CDK1/MYBL2/CCNB2/ESPL1/DYSF/BUB1/KIF14/FAM83D/CIT/CENPE/CCNA2/HMMR/PTTG1/ACAT2/SLC7A5/NEK2/DEPDC1/PHGDH/CCNF/KIF22/CBS/TTK/CDC25B/CDH13/ZBED2/ANKRD1/GINS1/PBK/CDCA2/CDCA5/KNL1/BRIP1/OTUB2/DBF4B/POLQ/CDKN3/BUB1B/SERPINE1/ADAMTS6/ASB2/CSF2/STC2/PIF1/TRIP13/FANCD2/AOX1/H2AFX/NEIL3/MARCH4/PCK2/PAPPA2/GPC4/EME1/ESCO2/GINS4/PSRC1/PCLAF/ALOX5AP/BLM/TICRR"
"GO:0071704","GO:0071704","organic substance metabolic process",355,0.321638252623573,1.6082805515431,0.00115740740740741,0.00906810727377966,0.00540735400144196,129,"tags=23%, list=15%, signal=33%","DNMT3A/TPX2/CCNB1/PLK1/BIRC5/FOXM1/TOP2A/AURKA/KPNA2/CENPF/TK1/HMGB2/PPME1/CDC20/APOBEC3B/UBE2C/AURKB/AARS/ASNS/DLGAP5/CDCA3/CDK1/MYBL2/CCNB2/ESPL1/DYSF/BUB1/KIF14/FAM83D/CIT/CENPE/CCNA2/HMMR/PTTG1/ACAT2/SLC7A5/NEK2/DEPDC1/PHGDH/CCNF/KIF22/CBS/TTK/CDC25B/CDH13/ZBED2/ANKRD1/GINS1/PBK/CDCA2/CDCA5/BRIP1/OTUB2/DBF4B/POLQ/CDKN3/BUB1B/SERPINE1/ADAMTS6/ASB2/CSF2/STC2/PIF1/TRIP13/FANCD2/AOX1/H2AFX/NEIL3/MARCH4/PCK2/PAPPA2/GPC4/EME1/ESCO2/GINS4/PSRC1/PCLAF/ALOX5AP/BLM/TICRR"
"GO:0044238","GO:0044238","primary metabolic process",341,0.324557905940392,1.61784192937487,0.00116144018583043,0.00906810727377966,0.00540735400144196,146,"tags=25%, list=17%, signal=34%","DNMT3A/TPX2/CCNB1/PLK1/BIRC5/FOXM1/TOP2A/AURKA/KPNA2/CENPF/TK1/HMGB2/PPME1/CDC20/APOBEC3B/UBE2C/AURKB/AARS/ASNS/DLGAP5/CDCA3/CDK1/MYBL2/CCNB2/ESPL1/DYSF/BUB1/KIF14/FAM83D/CIT/CENPE/CCNA2/PTTG1/ACAT2/SLC7A5/NEK2/DEPDC1/PHGDH/CCNF/KIF22/CBS/TTK/CDC25B/CDH13/ZBED2/ANKRD1/GINS1/PBK/CDCA2/CDCA5/BRIP1/OTUB2/DBF4B/POLQ/CDKN3/BUB1B/SERPINE1/ADAMTS6/ASB2/CSF2/STC2/PIF1/TRIP13/FANCD2/H2AFX/NEIL3/MARCH4/PCK2/PAPPA2/GPC4/EME1/ESCO2/GINS4/PSRC1/PCLAF/ALOX5AP/BLM/TICRR/CCNA1/SEMA7A/PGBD5/IL6/SCARF1/COL6A3/GAL"
"GO:0044237","GO:0044237","cellular metabolic process",333,0.333254598306667,1.65359579498199,0.00117096018735363,0.00906810727377966,0.00540735400144196,129,"tags=23%, list=15%, signal=32%","DNMT3A/TPX2/CCNB1/PLK1/BIRC5/FOXM1/TOP2A/AURKA/KPNA2/CENPF/TK1/HMGB2/PPME1/CDC20/APOBEC3B/UBE2C/AURKB/AARS/ASNS/DLGAP5/CDCA3/CDK1/MYBL2/CCNB2/DYSF/BUB1/KIF14/FAM83D/CIT/CENPE/CCNA2/HMMR/PTTG1/SLC7A5/NEK2/DEPDC1/PHGDH/CCNF/KIF22/CBS/TTK/CDC25B/CDH13/ZBED2/ANKRD1/GINS1/PBK/CDCA2/CDCA5/KNL1/BRIP1/OTUB2/DBF4B/POLQ/CDKN3/BUB1B/SERPINE1/ASB2/CSF2/STC2/PIF1/TRIP13/FANCD2/AOX1/H2AFX/NEIL3/MARCH4/PAPPA2/GPC4/EME1/ESCO2/GINS4/PSRC1/PCLAF/ALOX5AP/BLM/TICRR"
"GO:0006807","GO:0006807","nitrogen compound metabolic process",313,0.354242240125908,1.76240381592301,0.00117370892018779,0.00906810727377966,0.00540735400144196,129,"tags=25%, list=15%, signal=33%","DNMT3A/TPX2/CCNB1/PLK1/BIRC5/FOXM1/TOP2A/AURKA/KPNA2/CENPF/TK1/HMGB2/PPME1/CDC20/APOBEC3B/UBE2C/AURKB/AARS/ASNS/DLGAP5/CDCA3/CDK1/MYBL2/CCNB2/ESPL1/DYSF/BUB1/KIF14/FAM83D/CIT/CENPE/CCNA2/HMMR/PTTG1/SLC7A5/NEK2/DEPDC1/PHGDH/CCNF/KIF22/CBS/TTK/CDC25B/CDH13/ZBED2/ANKRD1/GINS1/PBK/CDCA2/CDCA5/BRIP1/OTUB2/DBF4B/POLQ/CDKN3/BUB1B/SERPINE1/ADAMTS6/ASB2/CSF2/STC2/PIF1/TRIP13/FANCD2/AOX1/H2AFX/NEIL3/MARCH4/PAPPA2/GPC4/EME1/ESCO2/GINS4/PSRC1/PCLAF/BLM/TICRR"
"GO:0016043","GO:0016043","cellular component organization",283,0.467186077731522,2.30854398688316,0.00119331742243437,0.00906810727377966,0.00540735400144196,161,"tags=36%, list=19%, signal=43%","DNMT3A/TPX2/MKI67/CCNB1/PLK1/TOP2A/DPYSL3/AURKA/CENPF/TK1/HMGB2/KIF2C/CDC20/UBE2C/AURKB/CEP55/DLGAP5/CDK1/MYBL2/CCNB2/KIF23/ESPL1/KIF18B/DYSF/BUB1/KIF14/KIF20A/CIT/CENPE/CCNA2/ASPM/NUSAP1/PRC1/KIFC1/TACC3/HJURP/PTTG1/SPAG5/NCAPG/NCAPH/NEK2/LAMC2/PHGDH/KIF11/CCNF/ANLN/KIF22/CDCA8/KIF4A/TTK/CDC25B/CDH13/ANKRD1/NDC80/GINS1/CDCA5/KNL1/SGO2/BRIP1/POLQ/CENPA/BUB1B/SERPINE1/CSF2/SNCG/PIF1/TRIP13/SKA3/SAPCD2/FANCD2/H2AFX/WDR62/PAPPA2/GPC4/GINS4/PSRC1/BORA/PCLAF/INCENP/ALOX5AP/BLM/TICRR/SPC25/CENPM/SGO1/SKA1/CCNA1/SEMA7A/IL6/SCARF1/COL6A3/CENPW/GAL/CDC25C/CENPI/MTFR2/SASS6/CTSV/OIP5/DSCC1/SIGLEC15"
"GO:0043170","GO:0043170","macromolecule metabolic process",282,0.366820528109967,1.81340636666688,0.00119331742243437,0.00906810727377966,0.00540735400144196,146,"tags=28%, list=17%, signal=35%","DNMT3A/TPX2/CCNB1/PLK1/BIRC5/FOXM1/TOP2A/AURKA/KPNA2/CENPF/TK1/HMGB2/PPME1/CDC20/UBE2C/AURKB/AARS/DLGAP5/CDCA3/CDK1/MYBL2/CCNB2/ESPL1/DYSF/BUB1/KIF14/FAM83D/CIT/CENPE/CCNA2/HMMR/PTTG1/NEK2/DEPDC1/PHGDH/CCNF/KIF22/CBS/TTK/CDC25B/CDH13/ZBED2/ANKRD1/GINS1/PBK/CDCA2/CDCA5/BRIP1/OTUB2/DBF4B/POLQ/CDKN3/BUB1B/SERPINE1/ADAMTS6/ASB2/CSF2/STC2/PIF1/TRIP13/FANCD2/H2AFX/NEIL3/MARCH4/PAPPA2/GPC4/EME1/ESCO2/GINS4/PSRC1/PCLAF/BLM/TICRR/CCNA1/SEMA7A/PGBD5/IL6/COL6A3/GAL"
"GO:0071840","GO:0071840","cellular component organization or biogenesis",284,0.464214834135916,2.29473062888798,0.00119331742243437,0.00906810727377966,0.00540735400144196,161,"tags=36%, list=19%, signal=43%","DNMT3A/TPX2/MKI67/CCNB1/PLK1/TOP2A/DPYSL3/AURKA/CENPF/TK1/HMGB2/KIF2C/CDC20/UBE2C/AURKB/CEP55/DLGAP5/CDK1/MYBL2/CCNB2/KIF23/ESPL1/KIF18B/DYSF/BUB1/KIF14/KIF20A/CIT/CENPE/CCNA2/ASPM/NUSAP1/PRC1/KIFC1/TACC3/HJURP/PTTG1/SPAG5/NCAPG/NCAPH/NEK2/LAMC2/PHGDH/KIF11/CCNF/ANLN/KIF22/CDCA8/KIF4A/TTK/CDC25B/CDH13/ANKRD1/NDC80/GINS1/CDCA5/KNL1/SGO2/BRIP1/POLQ/CENPA/BUB1B/SERPINE1/CSF2/SNCG/PIF1/TRIP13/SKA3/SAPCD2/FANCD2/H2AFX/WDR62/PAPPA2/GPC4/GINS4/PSRC1/BORA/PCLAF/INCENP/ALOX5AP/BLM/TICRR/SPC25/CENPM/SGO1/SKA1/CCNA1/SEMA7A/IL6/SCARF1/COL6A3/CENPW/GAL/CDC25C/CENPI/MTFR2/SASS6/CTSV/OIP5/DSCC1/SIGLEC15"
"GO:0044260","GO:0044260","cellular macromolecule metabolic process",246,0.400940253514851,1.96188789017798,0.00119617224880383,0.00906810727377966,0.00540735400144196,146,"tags=30%, list=17%, signal=35%","DNMT3A/TPX2/CCNB1/PLK1/BIRC5/FOXM1/TOP2A/AURKA/KPNA2/CENPF/TK1/HMGB2/PPME1/CDC20/UBE2C/AURKB/AARS/DLGAP5/CDCA3/CDK1/MYBL2/CCNB2/DYSF/BUB1/KIF14/FAM83D/CIT/CENPE/CCNA2/PTTG1/NEK2/DEPDC1/CCNF/KIF22/CBS/TTK/CDC25B/CDH13/ZBED2/ANKRD1/GINS1/PBK/CDCA2/CDCA5/BRIP1/OTUB2/DBF4B/POLQ/CDKN3/BUB1B/SERPINE1/ASB2/CSF2/STC2/PIF1/TRIP13/FANCD2/H2AFX/NEIL3/MARCH4/PAPPA2/EME1/ESCO2/GINS4/PSRC1/PCLAF/BLM/TICRR/CCNA1/SEMA7A/PGBD5/IL6/COL6A3/GAL"
"GO:0048522","GO:0048522","positive regulation of cellular process",208,0.349896949008969,1.68996387551196,0.00121654501216545,0.00906810727377966,0.00540735400144196,110,"tags=23%, list=13%, signal=26%","DNMT3A/TPX2/CCNB1/PLK1/BIRC5/FOXM1/TOP2A/DPYSL3/AURKA/HMGB2/CDC20/UBE2C/AURKB/ASNS/DLGAP5/CDK1/MYBL2/KIF23/ESPL1/DYSF/KIF14/FAM83D/CIT/CENPE/CCNA2/ASPM/NUSAP1/PRC1/SPAG5/NEK2/LAMC2/ANLN/GTSE1/TTK/CDC25B/CDH13/ANKRD1/NDC80/CDCA2/CDCA5/DBF4B/SERPINE1/CSF2/DEPDC1B/SAPCD2/CIP2A/H2AFX"
"GO:0051171","GO:0051171","regulation of nitrogen compound metabolic process",191,0.347411775257232,1.66506535282667,0.00123304562268804,0.00906810727377966,0.00540735400144196,146,"tags=28%, list=17%, signal=30%","DNMT3A/TPX2/CCNB1/PLK1/BIRC5/FOXM1/TOP2A/AURKA/KPNA2/CENPF/HMGB2/PPME1/CDC20/UBE2C/AURKB/AARS/DLGAP5/CDK1/MYBL2/DYSF/KIF14/FAM83D/CENPE/CCNA2/PTTG1/NEK2/DEPDC1/TTK/CDC25B/CDH13/ZBED2/ANKRD1/PBK/CDCA2/BRIP1/DBF4B/POLQ/CDKN3/SERPINE1/CSF2/PIF1/TRIP13/FANCD2/H2AFX/ESCO2/PSRC1/BLM/TICRR/CCNA1/SEMA7A/IL6/COL6A3/GAL"
"GO:0031323","GO:0031323","regulation of cellular metabolic process",197,0.356977717443711,1.71081503542272,0.00123609394313968,0.00906810727377966,0.00540735400144196,146,"tags=28%, list=17%, signal=30%","DNMT3A/TPX2/CCNB1/PLK1/BIRC5/FOXM1/TOP2A/AURKA/KPNA2/CENPF/HMGB2/PPME1/CDC20/UBE2C/AURKB/AARS/DLGAP5/CDK1/MYBL2/DYSF/KIF14/FAM83D/CENPE/CCNA2/PTTG1/NEK2/DEPDC1/TTK/CDC25B/CDH13/ZBED2/ANKRD1/PBK/CDCA2/KNL1/BRIP1/DBF4B/POLQ/CDKN3/SERPINE1/CSF2/STC2/PIF1/TRIP13/FANCD2/H2AFX/ESCO2/PSRC1/BLM/TICRR/CCNA1/SEMA7A/IL6/COL6A3/GAL"
"GO:0080090","GO:0080090","regulation of primary metabolic process",194,0.340206060083439,1.63114769786682,0.00123609394313968,0.00906810727377966,0.00540735400144196,146,"tags=27%, list=17%, signal=29%","DNMT3A/TPX2/CCNB1/PLK1/BIRC5/FOXM1/TOP2A/AURKA/KPNA2/CENPF/HMGB2/PPME1/CDC20/UBE2C/AURKB/AARS/DLGAP5/CDK1/MYBL2/DYSF/KIF14/FAM83D/CENPE/CCNA2/PTTG1/NEK2/DEPDC1/TTK/CDC25B/CDH13/ZBED2/ANKRD1/PBK/CDCA2/BRIP1/DBF4B/POLQ/CDKN3/SERPINE1/CSF2/PIF1/TRIP13/FANCD2/H2AFX/ESCO2/PSRC1/BLM/TICRR/CCNA1/SEMA7A/IL6/COL6A3/GAL"
"GO:0060255","GO:0060255","regulation of macromolecule metabolic process",195,0.355868442146251,1.70517510234687,0.00123762376237624,0.00906810727377966,0.00540735400144196,146,"tags=28%, list=17%, signal=30%","DNMT3A/TPX2/CCNB1/PLK1/BIRC5/FOXM1/TOP2A/AURKA/KPNA2/CENPF/HMGB2/PPME1/CDC20/UBE2C/AURKB/AARS/DLGAP5/CDK1/MYBL2/DYSF/KIF14/FAM83D/CENPE/CCNA2/PTTG1/NEK2/DEPDC1/PHGDH/TTK/CDC25B/CDH13/ZBED2/ANKRD1/PBK/CDCA2/BRIP1/DBF4B/POLQ/CDKN3/SERPINE1/CSF2/STC2/PIF1/TRIP13/FANCD2/H2AFX/ESCO2/PSRC1/BLM/TICRR/CCNA1/SEMA7A/IL6/COL6A3/GAL"
"GO:1901360","GO:1901360","organic cyclic compound metabolic process",177,0.375234039525978,1.77922080693097,0.00126742712294043,0.00906810727377966,0.00540735400144196,146,"tags=29%, list=17%, signal=30%","DNMT3A/CCNB1/PLK1/BIRC5/FOXM1/TOP2A/KPNA2/CENPF/TK1/HMGB2/APOBEC3B/AURKB/AARS/DLGAP5/CDK1/MYBL2/CCNA2/PTTG1/ACAT2/NEK2/DEPDC1/KIF22/CBS/CDH13/ZBED2/ANKRD1/GINS1/CDCA5/BRIP1/DBF4B/POLQ/SERPINE1/CSF2/PIF1/TRIP13/FANCD2/AOX1/H2AFX/NEIL3/EME1/ESCO2/GINS4/PSRC1/PCLAF/BLM/TICRR/CCNA1/PGBD5/IL6/SCARF1/GAL"
"GO:0006996","GO:0006996","organelle organization",169,0.618274889877364,2.91775852200643,0.00127877237851662,0.00906810727377966,0.00540735400144196,168,"tags=50%, list=20%, signal=50%","DNMT3A/TPX2/MKI67/CCNB1/PLK1/TOP2A/DPYSL3/AURKA/CENPF/HMGB2/KIF2C/CDC20/UBE2C/AURKB/DLGAP5/CDK1/MYBL2/CCNB2/KIF23/ESPL1/KIF18B/DYSF/BUB1/KIF14/KIF20A/CIT/CENPE/CCNA2/ASPM/NUSAP1/PRC1/KIFC1/TACC3/HJURP/PTTG1/SPAG5/NCAPG/NCAPH/NEK2/KIF11/CCNF/ANLN/KIF22/CDCA8/KIF4A/TTK/CDC25B/ANKRD1/NDC80/GINS1/CDCA5/KNL1/SGO2/BRIP1/CENPA/BUB1B/CSF2/PIF1/TRIP13/SKA3/SAPCD2/FANCD2/H2AFX/WDR62/GINS4/PSRC1/BORA/PCLAF/INCENP/BLM/SPC25/CENPM/SGO1/SKA1/CCNA1/CENPW/CDC25C/CENPI/MTFR2/SASS6/OIP5/DSCC1/SIGLEC15/FANCM/KRT15"
"GO:0034641","GO:0034641","cellular nitrogen compound metabolic process",169,0.37330085226491,1.76167876263622,0.00127877237851662,0.00906810727377966,0.00540735400144196,146,"tags=30%, list=17%, signal=31%","DNMT3A/CCNB1/PLK1/BIRC5/FOXM1/TOP2A/KPNA2/CENPF/TK1/HMGB2/APOBEC3B/AURKB/AARS/ASNS/DLGAP5/CDK1/MYBL2/CCNA2/PTTG1/NEK2/DEPDC1/KIF22/CBS/CDH13/ZBED2/ANKRD1/GINS1/CDCA5/BRIP1/DBF4B/POLQ/SERPINE1/CSF2/PIF1/TRIP13/FANCD2/AOX1/H2AFX/NEIL3/EME1/ESCO2/GINS4/PSRC1/PCLAF/BLM/TICRR/CCNA1/PGBD5/IL6/GAL"
"GO:0044267","GO:0044267","cellular protein metabolic process",165,0.373455605247008,1.76316823983841,0.00128205128205128,0.00906810727377966,0.00540735400144196,144,"tags=28%, list=17%, signal=29%","TPX2/CCNB1/PLK1/BIRC5/FOXM1/AURKA/PPME1/CDC20/UBE2C/AURKB/AARS/DLGAP5/CDCA3/CDK1/CCNB2/DYSF/BUB1/KIF14/FAM83D/CIT/CENPE/CCNA2/PTTG1/NEK2/CCNF/TTK/CDC25B/PBK/CDCA2/OTUB2/DBF4B/CDKN3/BUB1B/SERPINE1/ASB2/CSF2/STC2/MARCH4/PAPPA2/ESCO2/PSRC1/BLM/TICRR/CCNA1/SEMA7A/IL6/COL6A3"
"GO:0006725","GO:0006725","cellular aromatic compound metabolic process",163,0.382264090081313,1.8016793998833,0.0012853470437018,0.00906810727377966,0.00540735400144196,146,"tags=29%, list=17%, signal=30%","DNMT3A/CCNB1/PLK1/BIRC5/FOXM1/TOP2A/KPNA2/CENPF/TK1/HMGB2/APOBEC3B/AURKB/AARS/DLGAP5/CDK1/MYBL2/CCNA2/PTTG1/NEK2/DEPDC1/KIF22/CBS/CDH13/ZBED2/ANKRD1/GINS1/CDCA5/BRIP1/DBF4B/POLQ/SERPINE1/CSF2/PIF1/TRIP13/FANCD2/H2AFX/NEIL3/EME1/ESCO2/GINS4/PSRC1/PCLAF/BLM/TICRR/CCNA1/PGBD5/IL6/GAL"
"GO:0046483","GO:0046483","heterocycle metabolic process",159,0.392855416486986,1.84421837516366,0.00128865979381443,0.00906810727377966,0.00540735400144196,146,"tags=31%, list=17%, signal=31%","DNMT3A/CCNB1/PLK1/BIRC5/FOXM1/TOP2A/KPNA2/CENPF/TK1/HMGB2/APOBEC3B/AURKB/AARS/DLGAP5/CDK1/MYBL2/CCNA2/PTTG1/NEK2/DEPDC1/KIF22/CBS/CDH13/ZBED2/ANKRD1/GINS1/CDCA5/BRIP1/DBF4B/POLQ/SERPINE1/CSF2/PIF1/TRIP13/FANCD2/AOX1/H2AFX/NEIL3/EME1/ESCO2/GINS4/PSRC1/PCLAF/BLM/TICRR/CCNA1/PGBD5/IL6/GAL"
"GO:0044085","GO:0044085","cellular component biogenesis",134,0.435389705975571,2.00598071784395,0.00131061598951507,0.00906810727377966,0.00540735400144196,131,"tags=31%, list=15%, signal=31%","TPX2/CCNB1/PLK1/DPYSL3/AURKA/CENPF/TK1/HMGB2/CDC20/UBE2C/AURKB/CDK1/MYBL2/KIF23/KIF14/CENPE/ASPM/KIFC1/HJURP/SPAG5/NEK2/LAMC2/KIF11/ANLN/KIF4A/CDH13/ANKRD1/KNL1/BRIP1/POLQ/CENPA/CSF2/TRIP13/H2AFX/WDR62/GPC4/PSRC1/ALOX5AP/BLM/TICRR/CENPM"
"GO:0006139","GO:0006139","nucleobase-containing compound metabolic process",150,0.407870299063028,1.90141561287287,0.00131233595800525,0.00906810727377966,0.00540735400144196,146,"tags=32%, list=17%, signal=32%","DNMT3A/CCNB1/PLK1/BIRC5/FOXM1/TOP2A/KPNA2/CENPF/TK1/HMGB2/APOBEC3B/AURKB/AARS/DLGAP5/CDK1/MYBL2/CCNA2/PTTG1/NEK2/DEPDC1/KIF22/CBS/CDH13/ZBED2/ANKRD1/GINS1/CDCA5/BRIP1/DBF4B/POLQ/SERPINE1/CSF2/PIF1/TRIP13/FANCD2/H2AFX/NEIL3/EME1/ESCO2/GINS4/PSRC1/PCLAF/BLM/TICRR/CCNA1/PGBD5/IL6/GAL"
"GO:0006464","GO:0006464","cellular protein modification process",141,0.396328601079918,1.83703762571381,0.00131752305665349,0.00906810727377966,0.00540735400144196,142,"tags=29%, list=17%, signal=29%","TPX2/CCNB1/PLK1/BIRC5/FOXM1/AURKA/PPME1/CDC20/UBE2C/AURKB/DLGAP5/CDCA3/CDK1/CCNB2/DYSF/BUB1/KIF14/FAM83D/CIT/CENPE/CCNA2/NEK2/CCNF/TTK/CDC25B/PBK/CDCA2/OTUB2/DBF4B/CDKN3/BUB1B/ASB2/CSF2/STC2/MARCH4/ESCO2/PSRC1/BLM/CCNA1/SEMA7A/IL6"
"GO:0006950","GO:0006950","response to stress",149,0.348228686582919,1.61995638572459,0.00131752305665349,0.00906810727377966,0.00540735400144196,174,"tags=35%, list=20%, signal=34%","DNMT3A/CCNB1/PLK1/FOXM1/TOP2A/DPYSL3/AURKA/HMGB2/APOBEC3B/ASNS/CDK1/DYSF/CCNA2/PTTG1/KIF22/GTSE1/CBS/ANKRD1/PBK/CDCA5/BRIP1/POLQ/SERPINE1/CSF2/STC2/PIF1/TRIP13/FANCD2/H2AFX/NEIL3/PAPPA2/EME1/ESCO2/PCLAF/BLM/TICRR/SEMA7A/IL6/SCARF1/GAL/IL20RB/THBD/ULBP1/CDC25C/CTSV/ANKLE1/SIGLEC15/UCP2/S1PR3/FANCM/PSG3/ARG2"
"GO:0022607","GO:0022607","cellular component assembly",132,0.44314857405176,2.03906171096916,0.00131752305665349,0.00906810727377966,0.00540735400144196,131,"tags=31%, list=15%, signal=31%","TPX2/CCNB1/PLK1/DPYSL3/AURKA/CENPF/TK1/HMGB2/CDC20/UBE2C/AURKB/CDK1/MYBL2/KIF23/KIF14/CENPE/ASPM/KIFC1/HJURP/SPAG5/NEK2/LAMC2/KIF11/ANLN/KIF4A/CDH13/ANKRD1/KNL1/BRIP1/POLQ/CENPA/CSF2/TRIP13/H2AFX/WDR62/GPC4/PSRC1/ALOX5AP/BLM/TICRR/CENPM"
"GO:0036211","GO:0036211","protein modification process",141,0.396328601079918,1.83703762571381,0.00131752305665349,0.00906810727377966,0.00540735400144196,142,"tags=29%, list=17%, signal=29%","TPX2/CCNB1/PLK1/BIRC5/FOXM1/AURKA/PPME1/CDC20/UBE2C/AURKB/DLGAP5/CDCA3/CDK1/CCNB2/DYSF/BUB1/KIF14/FAM83D/CIT/CENPE/CCNA2/NEK2/CCNF/TTK/CDC25B/PBK/CDCA2/OTUB2/DBF4B/CDKN3/BUB1B/ASB2/CSF2/STC2/MARCH4/ESCO2/PSRC1/BLM/CCNA1/SEMA7A/IL6"
"GO:0043412","GO:0043412","macromolecule modification",144,0.412873153942933,1.91758865239359,0.00132100396301189,0.00906810727377966,0.00540735400144196,98,"tags=25%, list=11%, signal=27%","DNMT3A/TPX2/CCNB1/PLK1/BIRC5/FOXM1/AURKA/PPME1/CDC20/UBE2C/AURKB/AARS/DLGAP5/CDCA3/CDK1/CCNB2/DYSF/BUB1/KIF14/FAM83D/CIT/CENPE/CCNA2/NEK2/CCNF/TTK/CDC25B/PBK/CDCA2/OTUB2/DBF4B/CDKN3/BUB1B/ASB2/CSF2/STC2"
"GO:0009059","GO:0009059","macromolecule biosynthetic process",131,0.39153485371386,1.80017696621412,0.00132275132275132,0.00906810727377966,0.00540735400144196,146,"tags=31%, list=17%, signal=30%","DNMT3A/CCNB1/PLK1/BIRC5/FOXM1/TOP2A/CENPF/TK1/HMGB2/AURKB/AARS/DLGAP5/CDK1/MYBL2/CCNA2/PTTG1/NEK2/DEPDC1/CDH13/ZBED2/ANKRD1/GINS1/BRIP1/DBF4B/POLQ/SERPINE1/CSF2/PIF1/TRIP13/FANCD2/GPC4/ESCO2/GINS4/PSRC1/PCLAF/BLM/TICRR/CCNA1/IL6/GAL"
"GO:0090304","GO:0090304","nucleic acid metabolic process",129,0.448914525099369,2.05263737797151,0.00132978723404255,0.00906810727377966,0.00540735400144196,146,"tags=36%, list=17%, signal=36%","DNMT3A/CCNB1/PLK1/BIRC5/FOXM1/TOP2A/KPNA2/CENPF/TK1/HMGB2/AURKB/AARS/DLGAP5/CDK1/MYBL2/CCNA2/PTTG1/NEK2/DEPDC1/KIF22/CBS/CDH13/ZBED2/ANKRD1/GINS1/CDCA5/BRIP1/DBF4B/POLQ/SERPINE1/CSF2/PIF1/TRIP13/FANCD2/H2AFX/NEIL3/EME1/ESCO2/GINS4/PSRC1/PCLAF/BLM/TICRR/CCNA1/PGBD5/IL6/GAL"
"GO:0034645","GO:0034645","cellular macromolecule biosynthetic process",123,0.403066941933554,1.83224554615431,0.00134770889487871,0.00906810727377966,0.00540735400144196,146,"tags=32%, list=17%, signal=31%","DNMT3A/CCNB1/PLK1/BIRC5/FOXM1/TOP2A/CENPF/TK1/HMGB2/AURKB/AARS/DLGAP5/CDK1/MYBL2/CCNA2/PTTG1/NEK2/DEPDC1/CDH13/ZBED2/ANKRD1/GINS1/BRIP1/DBF4B/POLQ/SERPINE1/CSF2/PIF1/TRIP13/FANCD2/ESCO2/GINS4/PSRC1/PCLAF/BLM/TICRR/CCNA1/IL6/GAL"
"GO:0051128","GO:0051128","regulation of cellular component organization",118,0.499998675566675,2.25780475299953,0.00135869565217391,0.00906810727377966,0.00540735400144196,151,"tags=40%, list=18%, signal=38%","TPX2/MKI67/CCNB1/PLK1/TOP2A/DPYSL3/AURKA/CENPF/CDC20/UBE2C/AURKB/DLGAP5/ESPL1/DYSF/BUB1/KIF14/CIT/CENPE/NUSAP1/TACC3/HJURP/SPAG5/NEK2/KIF11/CCNF/ANLN/TTK/CDH13/ANKRD1/NDC80/CDCA5/BUB1B/SERPINE1/CSF2/PIF1/TRIP13/SKA3/PAPPA2/GPC4/PSRC1/BORA/SKA1/SEMA7A/IL6/SCARF1/GAL/CDC25C"
"GO:0007010","GO:0007010","cytoskeleton organization",93,0.572561685154205,2.51858495427121,0.00136054421768707,0.00906810727377966,0.00540735400144196,134,"tags=43%, list=16%, signal=41%","TPX2/CCNB1/PLK1/DPYSL3/AURKA/KIF2C/CDC20/AURKB/CDK1/MYBL2/KIF23/ESPL1/KIF18B/KIF20A/CIT/CENPE/ASPM/NUSAP1/PRC1/KIFC1/TACC3/SPAG5/NEK2/KIF11/CCNF/ANLN/KIF4A/TTK/ANKRD1/NDC80/CENPA/SKA3/SAPCD2/WDR62/PSRC1/BORA/PCLAF/SPC25/SGO1/SKA1"
"GO:0007049","GO:0007049","cell cycle",117,0.793429834224032,3.57372509414944,0.00136798905608755,0.00906810727377966,0.00540735400144196,159,"tags=77%, list=18%, signal=73%","DNMT3A/TPX2/MKI67/CCNB1/PLK1/FOXM1/TOP2A/AURKA/CENPF/KIF2C/PPME1/CDC20/UBE2C/AURKB/CEP55/ASNS/DLGAP5/CDCA3/CDK1/MYBL2/CCNB2/KIF23/ESPL1/KIF18B/BUB1/KIF14/FAM83D/KIF20A/CIT/CENPE/CCNA2/HMMR/ASPM/NUSAP1/PRC1/KIFC1/TACC3/HJURP/SPAG5/NCAPG/NCAPH/NEK2/PHGDH/KIF11/CCNF/ANLN/KIF22/CDCA8/GTSE1/KIF4A/PRR11/PIMREG/TTK/CDC25B/CDH13/NDC80/PBK/CDCA2/CDCA5/KNL1/SGO2/BRIP1/KIF15/DBF4B/CENPA/CDKN3/BUB1B/TRIP13/SKA3/SAPCD2/FANCD2/H2AFX/WDR62/PSRC1/BORA/PCLAF/INCENP/BLM/TICRR/SPC25/SGO1/SKA1/ERCC6L/CCNA1/SPC24/CENPW/CDC25C/SASS6/OIP5/DSCC1"
"GO:0008283","GO:0008283","cell proliferation",109,0.389492876203562,1.74058508055814,0.00136986301369863,0.00906810727377966,0.00540735400144196,163,"tags=34%, list=19%, signal=32%","MKI67/CCNB1/BIRC5/FOXM1/CENPF/HMGB2/CDC20/AURKB/DLGAP5/CDK1/DYSF/BUB1/KIF14/FAM83D/CCNA2/ASPM/PRC1/LAMC2/SHCBP1/TTK/CDC25B/CDH13/GINS1/BRIP1/DBF4B/CDKN3/CSF2/SAPCD2/CIP2A/GINS4/IL6/GAL/IL20RB/TNFRSF9/CDC25C/SERPINB7/S1PR3"
"GO:0019219","GO:0019219","regulation of nucleobase-containing compound metabolic process",109,0.405549165806215,1.81233822378352,0.00136986301369863,0.00906810727377966,0.00540735400144196,146,"tags=33%, list=17%, signal=31%","DNMT3A/CCNB1/PLK1/BIRC5/FOXM1/TOP2A/KPNA2/CENPF/HMGB2/AURKB/DLGAP5/CDK1/MYBL2/CCNA2/PTTG1/NEK2/DEPDC1/CDH13/ZBED2/ANKRD1/BRIP1/DBF4B/POLQ/SERPINE1/CSF2/PIF1/TRIP13/FANCD2/H2AFX/ESCO2/PSRC1/BLM/TICRR/CCNA1/IL6/GAL"
"GO:2000112","GO:2000112","regulation of cellular macromolecule biosynthetic process",100,0.394019640845773,1.7450402015021,0.00137551581843191,0.00906810727377966,0.00540735400144196,146,"tags=32%, list=17%, signal=30%","DNMT3A/PLK1/BIRC5/FOXM1/TOP2A/CENPF/HMGB2/AURKB/AARS/DLGAP5/CDK1/MYBL2/CCNA2/PTTG1/NEK2/DEPDC1/CDH13/ZBED2/ANKRD1/BRIP1/DBF4B/SERPINE1/CSF2/PIF1/FANCD2/ESCO2/PSRC1/BLM/TICRR/CCNA1/IL6/GAL"
"GO:0000003","GO:0000003","reproduction",80,0.507466847705169,2.18203969256237,0.00138504155124654,0.00906810727377966,0.00540735400144196,222,"tags=55%, list=26%, signal=45%","DNMT3A/CCNB1/PLK1/TOP2A/AURKA/HMGB2/CDC20/CDK1/ESPL1/ASPM/KIFC1/PTTG1/NCAPH/NEK2/CCNF/TTK/CDC25B/KNL1/SGO2/BRIP1/CSF2/STC2/TRIP13/FANCD2/CIP2A/H2AFX/SGO1/CCNA1/THBD/CDC25C/CENPI/CTSV/UCP2/FANCM/PSG3/MME/FOSB/PSG1/PSG7/PSG5/CATSPER1/FBXO43/PSG9/HEY1"
"GO:0006468","GO:0006468","protein phosphorylation",89,0.421246569391517,1.83773166599856,0.00138504155124654,0.00906810727377966,0.00540735400144196,142,"tags=33%, list=17%, signal=30%","TPX2/CCNB1/PLK1/BIRC5/FOXM1/AURKA/AURKB/CDK1/CCNB2/BUB1/KIF14/FAM83D/CIT/CENPE/CCNA2/NEK2/CCNF/TTK/CDC25B/PBK/DBF4B/CDKN3/BUB1B/CSF2/PSRC1/BLM/CCNA1/SEMA7A/IL6"
"GO:0008104","GO:0008104","protein localization",87,0.39889614515285,1.73464029172762,0.00138504155124654,0.00906810727377966,0.00540735400144196,174,"tags=38%, list=20%, signal=34%","PLK1/AURKA/KPNA2/CENPF/AURKB/CEP55/CDK1/DYSF/KIF14/FAM83D/KIF20A/SPAG5/GTSE1/TTK/ANKRD1/NDC80/CDCA5/KNL1/CENPA/BUB1B/SNCG/SAPCD2/GPC4/ESCO2/BORA/IL6/GAL/ANKLE1/UCP2/CEP128/NMU/ATP6V0A4/ARG2"
"GO:0012501","GO:0012501","programmed cell death",80,0.417461001272704,1.79502656970234,0.00138504155124654,0.00906810727377966,0.00540735400144196,40,"tags=20%, list=5%, signal=21%","DNMT3A/TPX2/PLK1/BIRC5/TOP2A/AURKA/HMGB2/AURKB/AARS/ASNS/CDK1/MYBL2/ESPL1/BUB1/KIF14/CIT"
"GO:0022402","GO:0022402","cell cycle process",89,0.802012705566607,3.49886326120575,0.00138504155124654,0.00906810727377966,0.00540735400144196,137,"tags=78%, list=16%, signal=73%","TPX2/MKI67/CCNB1/PLK1/FOXM1/TOP2A/AURKA/CENPF/KIF2C/PPME1/CDC20/UBE2C/AURKB/CEP55/DLGAP5/CDK1/MYBL2/CCNB2/KIF23/ESPL1/BUB1/KIF14/FAM83D/KIF20A/CIT/CENPE/CCNA2/HMMR/ASPM/NUSAP1/PRC1/KIFC1/TACC3/SPAG5/NCAPG/NCAPH/NEK2/PHGDH/KIF11/CCNF/ANLN/KIF22/CDCA8/GTSE1/KIF4A/TTK/CDC25B/NDC80/CDCA5/KNL1/SGO2/BRIP1/DBF4B/CENPA/CDKN3/BUB1B/TRIP13/SAPCD2/FANCD2/WDR62/PSRC1/BORA/PCLAF/INCENP/BLM/TICRR/SPC25/SGO1/CCNA1"
"GO:0022414","GO:0022414","reproductive process",80,0.507466847705169,2.18203969256237,0.00138504155124654,0.00906810727377966,0.00540735400144196,222,"tags=55%, list=26%, signal=45%","DNMT3A/CCNB1/PLK1/TOP2A/AURKA/HMGB2/CDC20/CDK1/ESPL1/ASPM/KIFC1/PTTG1/NCAPH/NEK2/CCNF/TTK/CDC25B/KNL1/SGO2/BRIP1/CSF2/STC2/TRIP13/FANCD2/CIP2A/H2AFX/SGO1/CCNA1/THBD/CDC25C/CENPI/CTSV/UCP2/FANCM/PSG3/MME/FOSB/PSG1/PSG7/PSG5/CATSPER1/FBXO43/PSG9/HEY1"
"GO:0051641","GO:0051641","cellular localization",87,0.527933568787672,2.29577259871425,0.00138504155124654,0.00906810727377966,0.00540735400144196,123,"tags=40%, list=14%, signal=38%","CCNB1/PLK1/AURKA/KPNA2/CENPF/KIF2C/AURKB/DLGAP5/CDK1/KIF23/ESPL1/KIF14/FAM83D/CENPE/ASPM/NUSAP1/KIFC1/SPAG5/NEK2/KIF22/CDCA8/GTSE1/KIF4A/TTK/CDH13/NDC80/CDCA5/KNL1/CENPA/BUB1B/SNCG/SAPCD2/GPC4/ESCO2/PSRC1"
"GO:0008219","GO:0008219","cell death",85,0.398133590245861,1.72056937313416,0.00139082058414465,0.00906810727377966,0.00540735400144196,40,"tags=19%, list=5%, signal=20%","DNMT3A/TPX2/PLK1/BIRC5/TOP2A/AURKA/HMGB2/AURKB/AARS/ASNS/CDK1/MYBL2/ESPL1/BUB1/KIF14/CIT"
"GO:0000278","GO:0000278","mitotic cell cycle",82,0.835468887931598,3.59355731472283,0.00139275766016713,0.00906810727377966,0.00540735400144196,137,"tags=82%, list=16%, signal=76%","DNMT3A/TPX2/MKI67/CCNB1/PLK1/FOXM1/AURKA/CENPF/KIF2C/PPME1/CDC20/UBE2C/AURKB/CEP55/ASNS/DLGAP5/CDK1/MYBL2/CCNB2/KIF23/ESPL1/KIF18B/BUB1/KIF14/KIF20A/CIT/CENPE/CCNA2/HMMR/NUSAP1/PRC1/KIFC1/TACC3/SPAG5/NCAPG/NCAPH/NEK2/KIF11/ANLN/KIF22/CDCA8/GTSE1/KIF4A/TTK/CDC25B/CDH13/NDC80/PBK/CDCA5/KIF15/DBF4B/CENPA/CDKN3/BUB1B/TRIP13/SKA3/SAPCD2/WDR62/PSRC1/BORA/INCENP/BLM/TICRR/SPC25/SGO1/SKA1/CCNA1"
"GO:0033554","GO:0033554","cellular response to stress",76,0.537702649333651,2.29487960377182,0.00139470013947001,0.00906810727377966,0.00540735400144196,174,"tags=51%, list=20%, signal=45%","DNMT3A/CCNB1/PLK1/FOXM1/TOP2A/AURKA/HMGB2/ASNS/CDK1/DYSF/CCNA2/PTTG1/KIF22/GTSE1/CBS/ANKRD1/PBK/CDCA5/BRIP1/POLQ/STC2/PIF1/TRIP13/FANCD2/H2AFX/NEIL3/EME1/ESCO2/PCLAF/BLM/TICRR/IL6/SCARF1/CDC25C/CTSV/ANKLE1/UCP2/FANCM/ARG2"
"GO:0051301","GO:0051301","cell division",76,0.833369807826371,3.55676762379733,0.00139470013947001,0.00906810727377966,0.00540735400144196,151,"tags=87%, list=18%, signal=79%","TPX2/CCNB1/PLK1/BIRC5/TOP2A/AURKA/CENPF/KIF2C/CDC20/UBE2C/AURKB/CEP55/CDCA3/CDK1/CCNB2/KIF23/ESPL1/KIF18B/BUB1/NUF2/KIF14/FAM83D/KIF20A/CIT/CENPE/CCNA2/ASPM/NUSAP1/PRC1/KIFC1/TACC3/PTTG1/SPAG5/NCAPG/NCAPH/NEK2/KIF11/CCNF/ANLN/CDCA8/KIF4A/PIMREG/CDC25B/NDC80/CDCA2/CDCA5/KNL1/SGO2/BRIP1/CENPA/BUB1B/DSN1/SKA3/SAPCD2/PSRC1/BORA/INCENP/BLM/SPC25/SGO1/SKA1/ERCC6L/CCNA1/SPC24/CENPW/CDC25C"
"GO:0006915","GO:0006915","apoptotic process",75,0.435952344076705,1.85542965203351,0.0013986013986014,0.00906810727377966,0.00540735400144196,97,"tags=27%, list=11%, signal=26%","DNMT3A/TPX2/PLK1/BIRC5/TOP2A/AURKA/HMGB2/AURKB/AARS/ASNS/CDK1/MYBL2/ESPL1/BUB1/KIF14/CIT/ANKRD1/BUB1B/SERPINE1/CSF2"
"GO:0051276","GO:0051276","chromosome organization",71,0.786546490587615,3.30747601433012,0.00141442715700141,0.00906810727377966,0.00540735400144196,159,"tags=77%, list=18%, signal=69%","DNMT3A/MKI67/CCNB1/PLK1/TOP2A/AURKA/CENPF/HMGB2/KIF2C/CDC20/AURKB/DLGAP5/CDK1/KIF23/ESPL1/BUB1/KIF14/CENPE/CCNA2/NUSAP1/PRC1/KIFC1/TACC3/HJURP/PTTG1/SPAG5/NCAPG/NCAPH/NEK2/KIF22/CDCA8/KIF4A/TTK/NDC80/GINS1/CDCA5/KNL1/SGO2/BRIP1/CENPA/BUB1B/PIF1/TRIP13/FANCD2/H2AFX/GINS4/PSRC1/INCENP/BLM/CENPM/SGO1/CENPW/CENPI/OIP5/DSCC1"
"GO:0051726","GO:0051726","regulation of cell cycle",71,0.752057504615498,3.16244772264437,0.00141442715700141,0.00906810727377966,0.00540735400144196,129,"tags=72%, list=15%, signal=67%","TPX2/MKI67/CCNB1/PLK1/FOXM1/AURKA/CENPF/CDC20/UBE2C/AURKB/ASNS/DLGAP5/CDK1/MYBL2/CCNB2/KIF23/ESPL1/BUB1/KIF14/FAM83D/KIF20A/CIT/CENPE/HMMR/ASPM/NUSAP1/PRC1/TACC3/SPAG5/NEK2/KIF11/CCNF/ANLN/GTSE1/PRR11/TTK/CDC25B/NDC80/CDCA5/BRIP1/DBF4B/CDKN3/BUB1B/TRIP13/H2AFX/PSRC1/BORA/PCLAF/INCENP/BLM/TICRR"
"GO:0007017","GO:0007017","microtubule-based process",65,0.704476777409255,2.91925379196903,0.00142247510668563,0.00906810727377966,0.00540735400144196,134,"tags=62%, list=16%, signal=56%","TPX2/CCNB1/PLK1/AURKA/KIF2C/CDC20/AURKB/DLGAP5/CDK1/MYBL2/KIF23/ESPL1/KIF18B/KIF20A/CENPE/ASPM/NUSAP1/PRC1/KIFC1/TACC3/SPAG5/NEK2/KIF11/CCNF/KIF22/GTSE1/KIF4A/TTK/NDC80/KIF15/CENPA/SKA3/SAPCD2/WDR62/PSRC1/BORA/PCLAF/SPC25/SGO1/SKA1"
"GO:1903047","GO:1903047","mitotic cell cycle process",70,0.836551365143364,3.50086071133329,0.00142247510668563,0.00906810727377966,0.00540735400144196,137,"tags=84%, list=16%, signal=77%","TPX2/MKI67/CCNB1/PLK1/FOXM1/AURKA/CENPF/KIF2C/PPME1/CDC20/UBE2C/AURKB/CEP55/DLGAP5/CDK1/MYBL2/CCNB2/KIF23/ESPL1/BUB1/KIF14/KIF20A/CIT/CENPE/CCNA2/HMMR/NUSAP1/PRC1/KIFC1/TACC3/SPAG5/NCAPG/NCAPH/NEK2/KIF11/ANLN/KIF22/CDCA8/GTSE1/KIF4A/TTK/CDC25B/NDC80/CDCA5/DBF4B/CENPA/CDKN3/BUB1B/TRIP13/SAPCD2/WDR62/PSRC1/BORA/INCENP/BLM/TICRR/SPC25/SGO1/CCNA1"
"GO:0033043","GO:0033043","regulation of organelle organization",64,0.644896469286138,2.66995105706196,0.00143061516452074,0.00906810727377966,0.00540735400144196,134,"tags=52%, list=16%, signal=47%","TPX2/MKI67/CCNB1/PLK1/TOP2A/AURKA/CENPF/CDC20/UBE2C/AURKB/DLGAP5/ESPL1/BUB1/CIT/CENPE/NUSAP1/TACC3/SPAG5/NEK2/KIF11/CCNF/ANLN/TTK/NDC80/CDCA5/BUB1B/CSF2/PIF1/TRIP13/SKA3/PSRC1/BORA/SKA1"
"GO:0043085","GO:0043085","positive regulation of catalytic activity",61,0.422668853562212,1.73977273625642,0.00143061516452074,0.00906810727377966,0.00540735400144196,127,"tags=30%, list=15%, signal=27%","TPX2/CCNB1/PLK1/HMGB2/CDC20/UBE2C/AURKB/CDK1/KIF14/CENPE/NCAPH/NEK2/DEPDC1/CDC25B/DBF4B/DEPDC1B/PSRC1/ALOX5AP"
"GO:0051130","GO:0051130","positive regulation of cellular component organization",61,0.435892210188148,1.79420219124395,0.00143061516452074,0.00906810727377966,0.00540735400144196,143,"tags=33%, list=17%, signal=29%","CCNB1/DPYSL3/AURKA/CDC20/UBE2C/AURKB/DLGAP5/ESPL1/NUSAP1/SPAG5/NEK2/ANLN/ANKRD1/CDCA5/SERPINE1/CSF2/PSRC1/SEMA7A/IL6/SCARF1"
"GO:0051649","GO:0051649","establishment of localization in cell",61,0.517133679234881,2.12860509722984,0.00143061516452074,0.00906810727377966,0.00540735400144196,106,"tags=38%, list=12%, signal=36%","CCNB1/PLK1/KPNA2/CENPF/KIF2C/DLGAP5/KIF23/ESPL1/KIF14/FAM83D/CENPE/NUSAP1/KIFC1/SPAG5/KIF22/CDCA8/GTSE1/KIF4A/NDC80/CDCA5/CENPA/SNCG/SAPCD2"
"GO:0065003","GO:0065003","protein-containing complex assembly",67,0.42973738648094,1.78624844504692,0.00143266475644699,0.00906810727377966,0.00540735400144196,158,"tags=36%, list=18%, signal=32%","CCNB1/DPYSL3/CENPF/TK1/HMGB2/UBE2C/CDK1/KIF14/CENPE/HJURP/ANLN/KNL1/POLQ/CENPA/CSF2/H2AFX/PSRC1/ALOX5AP/BLM/TICRR/CENPM/CENPW/CENPI/OIP5"
"GO:0000226","GO:0000226","microtubule cytoskeleton organization",53,0.734187057620051,2.95774210369324,0.00144927536231884,0.00906810727377966,0.00540735400144196,134,"tags=68%, list=16%, signal=61%","TPX2/CCNB1/PLK1/AURKA/KIF2C/CDC20/AURKB/CDK1/MYBL2/KIF23/ESPL1/KIF18B/KIF20A/CENPE/ASPM/NUSAP1/PRC1/KIFC1/TACC3/SPAG5/NEK2/KIF11/CCNF/KIF4A/TTK/NDC80/CENPA/SKA3/SAPCD2/WDR62/PSRC1/BORA/PCLAF/SPC25/SGO1/SKA1"
"GO:0008284","GO:0008284","positive regulation of cell proliferation",48,0.557528152278929,2.19451010070076,0.00147058823529412,0.00906810727377966,0.00540735400144196,109,"tags=40%, list=13%, signal=37%","CCNB1/BIRC5/FOXM1/HMGB2/CDC20/CDK1/DYSF/KIF14/CCNA2/ASPM/PRC1/LAMC2/TTK/CDC25B/CDH13/DBF4B/CSF2/SAPCD2/CIP2A"
"GO:0006259","GO:0006259","DNA metabolic process",46,0.740992656924897,2.878298069307,0.00147710487444609,0.00906810727377966,0.00540735400144196,167,"tags=78%, list=19%, signal=67%","DNMT3A/FOXM1/TOP2A/KPNA2/CENPF/TK1/HMGB2/AURKB/CDK1/CCNA2/PTTG1/NEK2/KIF22/CBS/ANKRD1/GINS1/CDCA5/BRIP1/DBF4B/POLQ/PIF1/TRIP13/FANCD2/H2AFX/NEIL3/EME1/ESCO2/GINS4/PCLAF/BLM/TICRR/PGBD5/IL6/ANKLE1/DSCC1/FANCM"
"GO:0010564","GO:0010564","regulation of cell cycle process",52,0.7978964928428,3.17382411573578,0.00148148148148148,0.00906810727377966,0.00540735400144196,129,"tags=81%, list=15%, signal=73%","TPX2/MKI67/CCNB1/PLK1/FOXM1/AURKA/CENPF/CDC20/UBE2C/AURKB/DLGAP5/CDK1/KIF23/ESPL1/BUB1/KIF14/FAM83D/KIF20A/CIT/CENPE/HMMR/NUSAP1/PRC1/TACC3/SPAG5/NEK2/KIF11/CCNF/ANLN/GTSE1/TTK/CDC25B/NDC80/CDCA5/DBF4B/BUB1B/TRIP13/PSRC1/BORA/INCENP/BLM/TICRR"
"GO:0044703","GO:0044703","multi-organism reproductive process",54,0.556563313347493,2.2265071988941,0.00148367952522255,0.00906810727377966,0.00540735400144196,212,"tags=57%, list=25%, signal=46%","DNMT3A/CCNB1/PLK1/TOP2A/AURKA/HMGB2/CDK1/ASPM/KIFC1/PTTG1/NCAPH/TTK/CDC25B/KNL1/BRIP1/STC2/TRIP13/FANCD2/CIP2A/H2AFX/CCNA1/THBD/CDC25C/CTSV/UCP2/PSG3/FOSB/PSG1/PSG7/PSG5/CATSPER1"
"GO:0048285","GO:0048285","organelle fission",54,0.834120621621105,3.3368630742391,0.00148367952522255,0.00906810727377966,0.00540735400144196,159,"tags=89%, list=18%, signal=77%","TPX2/MKI67/CCNB1/PLK1/TOP2A/AURKA/CENPF/KIF2C/CDC20/UBE2C/AURKB/DLGAP5/MYBL2/KIF23/ESPL1/KIF14/CENPE/ASPM/NUSAP1/PRC1/KIFC1/TACC3/SPAG5/NCAPG/NCAPH/NEK2/KIF11/ANLN/KIF22/CDCA8/KIF4A/TTK/CDC25B/NDC80/CDCA5/SGO2/BRIP1/BUB1B/TRIP13/FANCD2/PSRC1/BORA/INCENP/SGO1/CCNA1/CDC25C/MTFR2/DSCC1"
"GO:0000280","GO:0000280","nuclear division",51,0.848426781431204,3.35578437831137,0.00148588410104012,0.00906810727377966,0.00540735400144196,137,"tags=88%, list=16%, signal=79%","TPX2/MKI67/CCNB1/PLK1/TOP2A/AURKA/CENPF/KIF2C/CDC20/UBE2C/AURKB/DLGAP5/MYBL2/KIF23/ESPL1/KIF14/CENPE/ASPM/NUSAP1/PRC1/KIFC1/TACC3/SPAG5/NCAPG/NCAPH/NEK2/KIF11/ANLN/KIF22/CDCA8/KIF4A/TTK/CDC25B/NDC80/CDCA5/SGO2/BRIP1/BUB1B/TRIP13/FANCD2/PSRC1/BORA/INCENP/SGO1/CCNA1"
"GO:0007346","GO:0007346","regulation of mitotic cell cycle",45,0.795471617489437,3.07126956435578,0.00148588410104012,0.00906810727377966,0.00540735400144196,129,"tags=78%, list=15%, signal=70%","TPX2/MKI67/CCNB1/PLK1/AURKA/CENPF/CDC20/UBE2C/AURKB/ASNS/DLGAP5/CDK1/ESPL1/BUB1/KIF14/CENPE/HMMR/NUSAP1/TACC3/NEK2/KIF11/ANLN/GTSE1/TTK/CDC25B/NDC80/CDCA5/DBF4B/BUB1B/TRIP13/PSRC1/BORA/INCENP/BLM/TICRR"
"GO:0070925","GO:0070925","organelle assembly",51,0.623379742482389,2.46565531329564,0.00148588410104012,0.00906810727377966,0.00540735400144196,112,"tags=43%, list=13%, signal=40%","TPX2/PLK1/AURKA/CENPF/CDC20/AURKB/CDK1/MYBL2/KIF23/CENPE/ASPM/KIFC1/SPAG5/NEK2/KIF11/ANLN/KIF4A/ANKRD1/KNL1/CENPA/CSF2/WDR62"
"GO:0007059","GO:0007059","chromosome segregation",49,0.848438976299194,3.34293415060063,0.00148809523809524,0.00906810727377966,0.00540735400144196,134,"tags=92%, list=16%, signal=82%","MKI67/CCNB1/PLK1/BIRC5/TOP2A/CENPF/KIF2C/CDC20/AURKB/DLGAP5/KIF23/ESPL1/BUB1/NUF2/KIF14/FAM83D/CENPE/NUSAP1/PRC1/KIFC1/TACC3/HJURP/SPAG5/NCAPG/NCAPH/NEK2/KIF22/CDCA8/KIF4A/TTK/NDC80/CDCA2/CDCA5/KNL1/SGO2/BRIP1/BUB1B/TRIP13/SKA3/FANCD2/PSRC1/INCENP/SPC25/SGO1/SKA1"
"GO:0044770","GO:0044770","cell cycle phase transition",43,0.801133421869215,3.0711731478365,0.00149700598802395,0.00906810727377966,0.00540735400144196,137,"tags=84%, list=16%, signal=74%","TPX2/CCNB1/PLK1/FOXM1/AURKA/CENPF/PPME1/CDC20/UBE2C/AURKB/DLGAP5/CDK1/CCNB2/ESPL1/KIF14/FAM83D/CIT/CENPE/CCNA2/HMMR/TACC3/NEK2/ANLN/GTSE1/TTK/CDC25B/NDC80/CDCA5/DBF4B/CDKN3/BUB1B/TRIP13/BORA/BLM/TICRR/CCNA1"
"GO:0044772","GO:0044772","mitotic cell cycle phase transition",42,0.798014428510558,3.04020749322291,0.00151745068285281,0.00906810727377966,0.00540735400144196,137,"tags=83%, list=16%, signal=74%","TPX2/CCNB1/PLK1/FOXM1/AURKA/CENPF/PPME1/CDC20/UBE2C/AURKB/DLGAP5/CDK1/CCNB2/ESPL1/KIF14/CIT/CENPE/CCNA2/HMMR/TACC3/NEK2/ANLN/GTSE1/TTK/CDC25B/NDC80/CDCA5/DBF4B/CDKN3/BUB1B/TRIP13/BORA/BLM/TICRR/CCNA1"
"GO:0140014","GO:0140014","mitotic nuclear division",42,0.854454285805759,3.25522726095513,0.00151745068285281,0.00906810727377966,0.00540735400144196,132,"tags=90%, list=15%, signal=81%","TPX2/MKI67/CCNB1/PLK1/AURKA/CENPF/KIF2C/CDC20/UBE2C/AURKB/DLGAP5/MYBL2/KIF23/ESPL1/KIF14/CENPE/NUSAP1/PRC1/KIFC1/TACC3/SPAG5/NCAPG/NCAPH/NEK2/KIF11/ANLN/KIF22/CDCA8/KIF4A/TTK/NDC80/CDCA5/BUB1B/TRIP13/PSRC1/BORA/INCENP/SGO1"
"GO:1901565","GO:1901565","organonitrogen compound catabolic process",42,0.582231984098264,2.21813789025516,0.00151745068285281,0.00906810727377966,0.00540735400144196,92,"tags=40%, list=11%, signal=38%","CCNB1/PLK1/AURKA/CDC20/APOBEC3B/UBE2C/AURKB/CDK1/DYSF/KIF14/FAM83D/HMMR/PTTG1/CCNF/CBS/PBK/BUB1B"
"GO:0098813","GO:0098813","nuclear chromosome segregation",39,0.843973423143951,3.16626981992465,0.00151975683890578,0.00906810727377966,0.00540735400144196,132,"tags=92%, list=15%, signal=82%","CCNB1/PLK1/CENPF/KIF2C/CDC20/AURKB/DLGAP5/KIF23/ESPL1/BUB1/KIF14/FAM83D/CENPE/NUSAP1/PRC1/KIFC1/TACC3/SPAG5/NCAPG/NCAPH/NEK2/KIF22/CDCA8/KIF4A/TTK/NDC80/CDCA5/KNL1/SGO2/BRIP1/BUB1B/TRIP13/FANCD2/PSRC1/INCENP/SGO1"
"GO:0006974","GO:0006974","cellular response to DNA damage stimulus",38,0.711955700521976,2.64938539224652,0.00154559505409583,0.00906810727377966,0.00540735400144196,167,"tags=71%, list=19%, signal=60%","CCNB1/PLK1/FOXM1/TOP2A/AURKA/HMGB2/CDK1/PTTG1/KIF22/GTSE1/ANKRD1/CDCA5/BRIP1/POLQ/PIF1/TRIP13/FANCD2/H2AFX/NEIL3/EME1/ESCO2/PCLAF/BLM/TICRR/CDC25C/ANKLE1/FANCM"
"GO:0019953","GO:0019953","sexual reproduction",37,0.664753147804797,2.46039181419042,0.00154798761609907,0.00906810727377966,0.00540735400144196,156,"tags=59%, list=18%, signal=51%","DNMT3A/CCNB1/PLK1/TOP2A/AURKA/HMGB2/CDK1/ASPM/KIFC1/PTTG1/NCAPH/TTK/CDC25B/KNL1/BRIP1/TRIP13/FANCD2/CIP2A/H2AFX/CCNA1/CDC25C/CTSV"
"GO:0045934","GO:0045934","negative regulation of nucleobase-containing compound metabolic process",37,0.483304452904436,1.7888118674047,0.00154798761609907,0.00906810727377966,0.00540735400144196,102,"tags=32%, list=12%, signal=30%","DNMT3A/PLK1/BIRC5/FOXM1/CENPF/HMGB2/AURKB/DEPDC1/ANKRD1/POLQ/CSF2/PIF1"
"GO:0000819","GO:0000819","sister chromatid segregation",34,0.8476000302475,3.05788366061503,0.00158982511923688,0.00906810727377966,0.00540735400144196,132,"tags=94%, list=15%, signal=83%","CCNB1/PLK1/CENPF/KIF2C/CDC20/AURKB/DLGAP5/KIF23/ESPL1/BUB1/KIF14/CENPE/NUSAP1/PRC1/KIFC1/TACC3/SPAG5/NCAPG/NCAPH/NEK2/KIF22/CDCA8/KIF4A/TTK/NDC80/CDCA5/SGO2/BUB1B/TRIP13/PSRC1/INCENP/SGO1"
"GO:0032504","GO:0032504","multicellular organism reproduction",34,0.677221876785602,2.44321099307776,0.00158982511923688,0.00906810727377966,0.00540735400144196,156,"tags=65%, list=18%, signal=55%","DNMT3A/CCNB1/PLK1/TOP2A/AURKA/HMGB2/ASPM/KIFC1/PTTG1/NCAPH/TTK/CDC25B/KNL1/BRIP1/STC2/TRIP13/FANCD2/CIP2A/H2AFX/CCNA1/CDC25C/CTSV"
"GO:0048609","GO:0048609","multicellular organismal reproductive process",34,0.677221876785602,2.44321099307776,0.00158982511923688,0.00906810727377966,0.00540735400144196,156,"tags=65%, list=18%, signal=55%","DNMT3A/CCNB1/PLK1/TOP2A/AURKA/HMGB2/ASPM/KIFC1/PTTG1/NCAPH/TTK/CDC25B/KNL1/BRIP1/STC2/TRIP13/FANCD2/CIP2A/H2AFX/CCNA1/CDC25C/CTSV"
"GO:0009057","GO:0009057","macromolecule catabolic process",32,0.625882968572241,2.22195286781833,0.00159489633173844,0.00906810727377966,0.00540735400144196,92,"tags=50%, list=11%, signal=46%","CCNB1/PLK1/AURKA/HMGB2/CDC20/UBE2C/AURKB/CDK1/DYSF/KIF14/FAM83D/HMMR/PTTG1/CCNF/PBK/BUB1B"
"GO:0051129","GO:0051129","negative regulation of cellular component organization",32,0.642741742259313,2.28180335492672,0.00159489633173844,0.00906810727377966,0.00540735400144196,104,"tags=50%, list=12%, signal=46%","CCNB1/PLK1/TOP2A/DPYSL3/CENPF/CDC20/AURKB/ESPL1/DYSF/KIF14/NEK2/CCNF/TTK/NDC80/PIF1/TRIP13"
"GO:0051640","GO:0051640","organelle localization",32,0.783104917121956,2.78010794952783,0.00159489633173844,0.00906810727377966,0.00540735400144196,123,"tags=75%, list=14%, signal=67%","CCNB1/PLK1/AURKA/CENPF/KIF2C/DLGAP5/CDK1/KIF23/ESPL1/KIF14/FAM83D/CENPE/ASPM/NUSAP1/KIFC1/SPAG5/NEK2/KIF22/CDCA8/NDC80/CDCA5/CENPA/SAPCD2/PSRC1"
"GO:0000070","GO:0000070","mitotic sister chromatid segregation",31,0.86253724023653,3.02785117635524,0.00162337662337662,0.00906810727377966,0.00540735400144196,132,"tags=97%, list=15%, signal=85%","CCNB1/PLK1/CENPF/KIF2C/CDC20/AURKB/DLGAP5/KIF23/ESPL1/KIF14/CENPE/NUSAP1/PRC1/KIFC1/TACC3/SPAG5/NCAPG/NCAPH/NEK2/KIF22/CDCA8/KIF4A/TTK/NDC80/CDCA5/BUB1B/TRIP13/PSRC1/INCENP/SGO1"
"GO:0007276","GO:0007276","gamete generation",31,0.70923426579559,2.48969633521184,0.00162337662337662,0.00906810727377966,0.00540735400144196,156,"tags=68%, list=18%, signal=58%","DNMT3A/CCNB1/PLK1/TOP2A/AURKA/HMGB2/ASPM/KIFC1/PTTG1/NCAPH/TTK/CDC25B/KNL1/BRIP1/TRIP13/FANCD2/CIP2A/H2AFX/CCNA1/CDC25C/CTSV"
"GO:0051347","GO:0051347","positive regulation of transferase activity",31,0.596356064830404,2.093448639885,0.00162337662337662,0.00906810727377966,0.00540735400144196,88,"tags=39%, list=10%, signal=36%","TPX2/CCNB1/PLK1/CDC20/UBE2C/AURKB/CDK1/KIF14/CENPE/NEK2/CDC25B/DBF4B"
"GO:1901987","GO:1901987","regulation of cell cycle phase transition",31,0.794886849336964,2.79037120898598,0.00162337662337662,0.00906810727377966,0.00540735400144196,129,"tags=84%, list=15%, signal=74%","TPX2/CCNB1/PLK1/AURKA/CENPF/CDC20/UBE2C/AURKB/DLGAP5/CDK1/ESPL1/KIF14/FAM83D/CENPE/HMMR/NEK2/ANLN/GTSE1/TTK/NDC80/CDCA5/DBF4B/BUB1B/TRIP13/BLM/TICRR"
"GO:0006325","GO:0006325","chromatin organization",28,0.659252482250728,2.26776650527896,0.00163398692810458,0.00906810727377966,0.00540735400144196,158,"tags=57%, list=18%, signal=48%","DNMT3A/MKI67/CCNB1/AURKA/HMGB2/AURKB/CDK1/CCNA2/HJURP/KNL1/CENPA/H2AFX/CENPM/CENPW/CENPI/OIP5"
"GO:0045786","GO:0045786","negative regulation of cell cycle",30,0.72177060093973,2.50908493148472,0.00163934426229508,0.00906810727377966,0.00540735400144196,129,"tags=73%, list=15%, signal=65%","CCNB1/PLK1/FOXM1/AURKA/CENPF/CDC20/AURKB/CDK1/ESPL1/BUB1/NEK2/CCNF/GTSE1/TTK/NDC80/BRIP1/CDKN3/BUB1B/TRIP13/H2AFX/BLM/TICRR"
"GO:1901990","GO:1901990","regulation of mitotic cell cycle phase transition",30,0.790844235400096,2.74920501279828,0.00163934426229508,0.00906810727377966,0.00540735400144196,129,"tags=83%, list=15%, signal=73%","TPX2/CCNB1/PLK1/AURKA/CENPF/CDC20/UBE2C/AURKB/DLGAP5/CDK1/ESPL1/KIF14/CENPE/HMMR/NEK2/ANLN/GTSE1/TTK/NDC80/CDCA5/DBF4B/BUB1B/TRIP13/BLM/TICRR"
"GO:0033365","GO:0033365","protein localization to organelle",27,0.653204379065619,2.22600819908837,0.00164203612479475,0.00906810727377966,0.00540735400144196,121,"tags=59%, list=14%, signal=53%","PLK1/AURKA/KPNA2/AURKB/CDK1/FAM83D/SPAG5/GTSE1/TTK/NDC80/CDCA5/KNL1/CENPA/BUB1B/GPC4/ESCO2"
"GO:0006323","GO:0006323","DNA packaging",20,0.767331224524234,2.43485300650291,0.00164473684210526,0.00906810727377966,0.00540735400144196,158,"tags=80%, list=18%, signal=67%","CCNB1/TOP2A/HMGB2/CDK1/NUSAP1/HJURP/NCAPG/NCAPH/CDCA5/KNL1/CENPA/H2AFX/CENPM/CENPW/CENPI/OIP5"
"GO:0051983","GO:0051983","regulation of chromosome segregation",20,0.871262084042624,2.76464066231437,0.00164473684210526,0.00906810727377966,0.00540735400144196,104,"tags=95%, list=12%, signal=85%","MKI67/CCNB1/PLK1/CENPF/KIF2C/CDC20/AURKB/DLGAP5/ESPL1/BUB1/CENPE/TACC3/SPAG5/NEK2/TTK/NDC80/CDCA5/BUB1B/TRIP13"
"GO:0045787","GO:0045787","positive regulation of cell cycle",29,0.742783000230635,2.56248102081995,0.00165016501650165,0.00906810727377966,0.00540735400144196,88,"tags=66%, list=10%, signal=61%","CCNB1/AURKA/UBE2C/AURKB/ASNS/DLGAP5/CDK1/KIF23/ESPL1/KIF14/FAM83D/CIT/NUSAP1/SPAG5/GTSE1/CDC25B/NDC80/CDCA5/DBF4B"
"GO:0006281","GO:0006281","DNA repair",25,0.73399244865816,2.44714973734093,0.00166389351081531,0.00906810727377966,0.00540735400144196,167,"tags=80%, list=19%, signal=66%","FOXM1/HMGB2/CDK1/PTTG1/KIF22/CDCA5/BRIP1/POLQ/PIF1/TRIP13/FANCD2/H2AFX/NEIL3/EME1/ESCO2/PCLAF/BLM/TICRR/ANKLE1/FANCM"
"GO:0007088","GO:0007088","regulation of mitotic nuclear division",25,0.844846364012683,2.81673954761618,0.00166389351081531,0.00906810727377966,0.00540735400144196,124,"tags=88%, list=14%, signal=78%","MKI67/CCNB1/PLK1/AURKA/CENPF/CDC20/UBE2C/AURKB/DLGAP5/ESPL1/CENPE/NUSAP1/TACC3/NEK2/KIF11/ANLN/TTK/NDC80/CDCA5/BUB1B/TRIP13/BORA"
"GO:0044839","GO:0044839","cell cycle G2/M phase transition",25,0.796040022336869,2.65401794682739,0.00166389351081531,0.00906810727377966,0.00540735400144196,129,"tags=84%, list=15%, signal=74%","TPX2/CCNB1/PLK1/FOXM1/AURKA/CENPF/PPME1/AURKB/CDK1/CCNB2/KIF14/CIT/CCNA2/HMMR/NEK2/GTSE1/CDC25B/DBF4B/BORA/BLM/TICRR"
"GO:0051656","GO:0051656","establishment of organelle localization",25,0.799434160237487,2.66533409004818,0.00166389351081531,0.00906810727377966,0.00540735400144196,123,"tags=80%, list=14%, signal=71%","CCNB1/PLK1/CENPF/KIF2C/DLGAP5/KIF23/ESPL1/KIF14/FAM83D/CENPE/NUSAP1/KIFC1/SPAG5/KIF22/CDCA8/NDC80/CDCA5/CENPA/SAPCD2/PSRC1"
"GO:0051783","GO:0051783","regulation of nuclear division",25,0.844846364012683,2.81673954761618,0.00166389351081531,0.00906810727377966,0.00540735400144196,124,"tags=88%, list=14%, signal=78%","MKI67/CCNB1/PLK1/AURKA/CENPF/CDC20/UBE2C/AURKB/DLGAP5/ESPL1/CENPE/NUSAP1/TACC3/NEK2/KIF11/ANLN/TTK/NDC80/CDCA5/BUB1B/TRIP13/BORA"
"GO:0071103","GO:0071103","DNA conformation change",26,0.765156687878918,2.56001487634909,0.00166944908180301,0.00906810727377966,0.00540735400144196,167,"tags=81%, list=19%, signal=67%","CCNB1/TOP2A/HMGB2/CDK1/NUSAP1/HJURP/NCAPG/NCAPH/GINS1/CDCA5/KNL1/BRIP1/CENPA/H2AFX/GINS4/BLM/CENPM/CENPW/CENPI/OIP5/FANCM"
"GO:0006511","GO:0006511","ubiquitin-dependent protein catabolic process",15,0.83324186643448,2.4474068744256,0.00167224080267559,0.00906810727377966,0.00540735400144196,92,"tags=80%, list=11%, signal=73%","CCNB1/PLK1/AURKA/CDC20/UBE2C/AURKB/CDK1/KIF14/PTTG1/CCNF/PBK/BUB1B"
"GO:0010389","GO:0010389","regulation of G2/M transition of mitotic cell cycle",15,0.793201963546396,2.32980124570346,0.00167224080267559,0.00906810727377966,0.00540735400144196,129,"tags=87%, list=15%, signal=75%","TPX2/CCNB1/PLK1/AURKA/CENPF/AURKB/CDK1/KIF14/HMMR/NEK2/DBF4B/BLM/TICRR"
"GO:0019941","GO:0019941","modification-dependent protein catabolic process",15,0.83324186643448,2.4474068744256,0.00167224080267559,0.00906810727377966,0.00540735400144196,92,"tags=80%, list=11%, signal=73%","CCNB1/PLK1/AURKA/CDC20/UBE2C/AURKB/CDK1/KIF14/PTTG1/CCNF/PBK/BUB1B"
"GO:0043161","GO:0043161","proteasome-mediated ubiquitin-dependent protein catabolic process",15,0.83324186643448,2.4474068744256,0.00167224080267559,0.00906810727377966,0.00540735400144196,92,"tags=80%, list=11%, signal=73%","CCNB1/PLK1/AURKA/CDC20/UBE2C/AURKB/CDK1/KIF14/PTTG1/CCNF/PBK/BUB1B"
"GO:0043632","GO:0043632","modification-dependent macromolecule catabolic process",15,0.83324186643448,2.4474068744256,0.00167224080267559,0.00906810727377966,0.00540735400144196,92,"tags=80%, list=11%, signal=73%","CCNB1/PLK1/AURKA/CDC20/UBE2C/AURKB/CDK1/KIF14/PTTG1/CCNF/PBK/BUB1B"
"GO:0051304","GO:0051304","chromosome separation",15,0.867698358027523,2.54861284809355,0.00167224080267559,0.00906810727377966,0.00540735400144196,104,"tags=93%, list=12%, signal=84%","CCNB1/PLK1/CENPF/CDC20/AURKB/DLGAP5/ESPL1/CENPE/TACC3/NCAPH/TTK/NDC80/BUB1B/TRIP13"
"GO:0051052","GO:0051052","regulation of DNA metabolic process",18,0.769910229633006,2.37026429848767,0.0016750418760469,0.00906810727377966,0.00540735400144196,159,"tags=89%, list=18%, signal=74%","FOXM1/KPNA2/AURKB/CDK1/CCNA2/NEK2/ANKRD1/DBF4B/POLQ/PIF1/H2AFX/ESCO2/BLM/TICRR/IL6/DSCC1"
"GO:0010498","GO:0010498","proteasomal protein catabolic process",16,0.796144589341751,2.38375016247869,0.00167785234899329,0.00906810727377966,0.00540735400144196,92,"tags=75%, list=11%, signal=68%","CCNB1/PLK1/AURKA/CDC20/UBE2C/AURKB/CDK1/KIF14/PTTG1/CCNF/PBK/BUB1B"
"GO:0033045","GO:0033045","regulation of sister chromatid segregation",16,0.859102804127593,2.57225443260028,0.00167785234899329,0.00906810727377966,0.00540735400144196,104,"tags=94%, list=12%, signal=84%","CCNB1/PLK1/CENPF/CDC20/AURKB/DLGAP5/ESPL1/BUB1/CENPE/TACC3/TTK/NDC80/CDCA5/BUB1B/TRIP13"
"GO:0044265","GO:0044265","cellular macromolecule catabolic process",21,0.708943474696189,2.25480454013272,0.00167785234899329,0.00906810727377966,0.00540735400144196,92,"tags=62%, list=11%, signal=57%","CCNB1/PLK1/AURKA/HMGB2/CDC20/UBE2C/AURKB/CDK1/KIF14/PTTG1/CCNF/PBK/BUB1B"
"GO:0051321","GO:0051321","meiotic cell cycle",21,0.800911925429126,2.54731147145114,0.00167785234899329,0.00906810727377966,0.00540735400144196,137,"tags=81%, list=16%, signal=70%","PLK1/TOP2A/AURKA/CDC20/ESPL1/ASPM/NCAPH/NEK2/TTK/CDC25B/SGO2/BRIP1/TRIP13/FANCD2/H2AFX/SGO1/CCNA1"
"GO:0051603","GO:0051603","proteolysis involved in cellular protein catabolic process",16,0.796144589341751,2.38375016247869,0.00167785234899329,0.00906810727377966,0.00540735400144196,92,"tags=75%, list=11%, signal=68%","CCNB1/PLK1/AURKA/CDC20/UBE2C/AURKB/CDK1/KIF14/PTTG1/CCNF/PBK/BUB1B"
"GO:0071824","GO:0071824","protein-DNA complex subunit organization",16,0.673512949155979,2.01657666644381,0.00167785234899329,0.00906810727377966,0.00540735400144196,158,"tags=69%, list=18%, signal=57%","CENPF/HMGB2/CENPE/HJURP/KNL1/CENPA/H2AFX/CENPM/CENPW/CENPI/OIP5"
"GO:0072331","GO:0072331","signal transduction by p53 class mediator",16,0.68749066009672,2.05842757037776,0.00167785234899329,0.00906810727377966,0.00540735400144196,151,"tags=69%, list=18%, signal=58%","TPX2/CCNB1/FOXM1/AURKA/AURKB/CDK1/GTSE1/ANKRD1/BRIP1/BLM/CDC25C"
"GO:1901988","GO:1901988","negative regulation of cell cycle phase transition",16,0.778653459587098,2.3313796710469,0.00167785234899329,0.00906810727377966,0.00540735400144196,151,"tags=88%, list=18%, signal=74%","CCNB1/PLK1/AURKA/CENPF/CDC20/AURKB/CDK1/GTSE1/TTK/NDC80/TRIP13/BLM/TICRR/CDC25C"
"GO:1901991","GO:1901991","negative regulation of mitotic cell cycle phase transition",16,0.778653459587098,2.3313796710469,0.00167785234899329,0.00906810727377966,0.00540735400144196,151,"tags=88%, list=18%, signal=74%","CCNB1/PLK1/AURKA/CENPF/CDC20/AURKB/CDK1/GTSE1/TTK/NDC80/TRIP13/BLM/TICRR/CDC25C"
"GO:1902749","GO:1902749","regulation of cell cycle G2/M phase transition",16,0.798037755503952,2.38941852373764,0.00167785234899329,0.00906810727377966,0.00540735400144196,129,"tags=88%, list=15%, signal=76%","TPX2/CCNB1/PLK1/AURKA/CENPF/AURKB/CDK1/KIF14/HMMR/NEK2/GTSE1/DBF4B/BLM/TICRR"
"GO:0000075","GO:0000075","cell cycle checkpoint",19,0.815871696776641,2.54174768562533,0.00168634064080944,0.00906810727377966,0.00540735400144196,151,"tags=95%, list=18%, signal=80%","CCNB1/PLK1/AURKA/CENPF/CDC20/AURKB/CDK1/BUB1/GTSE1/TTK/NDC80/BRIP1/BUB1B/TRIP13/H2AFX/BLM/TICRR/CDC25C"
"GO:0007052","GO:0007052","mitotic spindle organization",19,0.868014268727705,2.7041914400818,0.00168634064080944,0.00906810727377966,0.00540735400144196,130,"tags=100%, list=15%, signal=87%","TPX2/CCNB1/PLK1/CDC20/AURKB/MYBL2/KIF23/CENPE/PRC1/KIFC1/TACC3/KIF11/KIF4A/TTK/NDC80/WDR62/PSRC1/BORA/SPC25"
"GO:0010948","GO:0010948","negative regulation of cell cycle process",19,0.791399915098039,2.46550886683745,0.00168634064080944,0.00906810727377966,0.00540735400144196,151,"tags=89%, list=18%, signal=75%","CCNB1/PLK1/AURKA/CENPF/CDC20/AURKB/CDK1/ESPL1/NEK2/CCNF/GTSE1/TTK/NDC80/TRIP13/BLM/TICRR/CDC25C"
"GO:0022412","GO:0022412","cellular process involved in reproduction in multicellular organism",19,0.780212446559548,2.43065568786573,0.00168634064080944,0.00906810727377966,0.00540735400144196,104,"tags=68%, list=12%, signal=62%","DNMT3A/CCNB1/PLK1/TOP2A/AURKA/HMGB2/ASPM/NCAPH/TTK/CDC25B/KNL1/BRIP1/TRIP13"
"GO:0045930","GO:0045930","negative regulation of mitotic cell cycle",19,0.768784151012236,2.39505224203866,0.00168634064080944,0.00906810727377966,0.00540735400144196,151,"tags=84%, list=18%, signal=71%","CCNB1/PLK1/AURKA/CENPF/CDC20/AURKB/CDK1/BUB1/GTSE1/TTK/NDC80/BUB1B/TRIP13/BLM/TICRR/CDC25C"
"GO:0007283","GO:0007283","spermatogenesis",23,0.651337968784945,2.12541713338513,0.00169204737732657,0.00906810727377966,0.00540735400144196,156,"tags=61%, list=18%, signal=51%","DNMT3A/CCNB1/HMGB2/ASPM/KIFC1/PTTG1/KNL1/BRIP1/TRIP13/CIP2A/H2AFX/CCNA1/CDC25C/CTSV"
"GO:0048232","GO:0048232","male gamete generation",23,0.651337968784945,2.12541713338513,0.00169204737732657,0.00906810727377966,0.00540735400144196,156,"tags=61%, list=18%, signal=51%","DNMT3A/CCNB1/HMGB2/ASPM/KIFC1/PTTG1/KNL1/BRIP1/TRIP13/CIP2A/H2AFX/CCNA1/CDC25C/CTSV"
"GO:1902850","GO:1902850","microtubule cytoskeleton organization involved in mitosis",23,0.872162485065711,2.84600188794837,0.00169204737732657,0.00906810727377966,0.00540735400144196,130,"tags=100%, list=15%, signal=87%","TPX2/CCNB1/PLK1/CDC20/AURKB/MYBL2/KIF23/ESPL1/CENPE/NUSAP1/PRC1/KIFC1/TACC3/KIF11/KIF4A/TTK/NDC80/CENPA/SAPCD2/WDR62/PSRC1/BORA/SPC25"
"GO:0000086","GO:0000086","G2/M transition of mitotic cell cycle",24,0.792140788543799,2.5973379362732,0.00169779286926995,0.00906810727377966,0.00540735400144196,129,"tags=83%, list=15%, signal=73%","TPX2/CCNB1/PLK1/FOXM1/AURKA/CENPF/PPME1/AURKB/CDK1/CCNB2/KIF14/CIT/CCNA2/HMMR/NEK2/CDC25B/DBF4B/BORA/BLM/TICRR"
"GO:0007051","GO:0007051","spindle organization",24,0.873205741626794,2.86314053221292,0.00169779286926995,0.00906810727377966,0.00540735400144196,130,"tags=100%, list=15%, signal=87%","TPX2/CCNB1/PLK1/AURKA/CDC20/AURKB/MYBL2/KIF23/ESPL1/CENPE/ASPM/PRC1/KIFC1/TACC3/SPAG5/NEK2/KIF11/KIF4A/TTK/NDC80/WDR62/PSRC1/BORA/SPC25"
"GO:0010639","GO:0010639","negative regulation of organelle organization",24,0.695079490499363,2.27908517716687,0.00169779286926995,0.00906810727377966,0.00540735400144196,104,"tags=54%, list=12%, signal=49%","CCNB1/PLK1/TOP2A/CENPF/CDC20/AURKB/ESPL1/NEK2/CCNF/TTK/NDC80/PIF1/TRIP13"
"GO:0030163","GO:0030163","protein catabolic process",24,0.701870545610676,2.30135226064878,0.00169779286926995,0.00906810727377966,0.00540735400144196,92,"tags=58%, list=11%, signal=54%","CCNB1/PLK1/AURKA/CDC20/UBE2C/AURKB/CDK1/DYSF/KIF14/FAM83D/PTTG1/CCNF/PBK/BUB1B"
"GO:0033044","GO:0033044","regulation of chromosome organization",24,0.830627504428156,2.72353142189433,0.00169779286926995,0.00906810727377966,0.00540735400144196,104,"tags=79%, list=12%, signal=72%","MKI67/CCNB1/PLK1/TOP2A/CENPF/CDC20/AURKB/DLGAP5/ESPL1/BUB1/CENPE/TACC3/NEK2/TTK/NDC80/CDCA5/BUB1B/PIF1/TRIP13"
"GO:0061024","GO:0061024","membrane organization",24,0.623286945756025,2.04368573466846,0.00169779286926995,0.00906810727377966,0.00540735400144196,39,"tags=33%, list=5%, signal=33%","CCNB1/PLK1/AURKB/CEP55/CDK1/CCNB2/DYSF/KIF20A"
"GO:0070647","GO:0070647","protein modification by small protein conjugation or removal",24,0.599651472668598,1.96618775478966,0.00169779286926995,0.00906810727377966,0.00540735400144196,137,"tags=50%, list=16%, signal=43%","PLK1/CDC20/UBE2C/CDCA3/CDK1/DYSF/CCNA2/CCNF/OTUB2/ASB2/MARCH4/CCNA1"
"GO:0090068","GO:0090068","positive regulation of cell cycle process",24,0.790431922575455,2.59173476260537,0.00169779286926995,0.00906810727377966,0.00540735400144196,88,"tags=75%, list=10%, signal=69%","CCNB1/AURKA/UBE2C/AURKB/DLGAP5/CDK1/KIF23/ESPL1/KIF14/FAM83D/CIT/NUSAP1/SPAG5/GTSE1/CDC25B/NDC80/CDCA5/DBF4B"
"GO:0000910","GO:0000910","cytokinesis",17,0.8444815454916,2.54098608522306,0.00171232876712329,0.00906810727377966,0.00540735400144196,90,"tags=82%, list=10%, signal=75%","PLK1/AURKB/CEP55/KIF23/ESPL1/KIF14/KIF20A/CIT/NUSAP1/PRC1/ANLN/KIF4A/CDC25B/CENPA"
"GO:0007093","GO:0007093","mitotic cell cycle checkpoint",17,0.811546554597325,2.44188699415816,0.00171232876712329,0.00906810727377966,0.00540735400144196,151,"tags=94%, list=18%, signal=79%","CCNB1/PLK1/AURKA/CENPF/CDC20/AURKB/CDK1/BUB1/GTSE1/TTK/NDC80/BUB1B/TRIP13/BLM/TICRR/CDC25C"
"GO:0032886","GO:0032886","regulation of microtubule-based process",17,0.75676112065838,2.27704144358934,0.00171232876712329,0.00906810727377966,0.00540735400144196,134,"tags=71%, list=16%, signal=61%","TPX2/PLK1/AURKA/TACC3/SPAG5/NEK2/KIF11/CCNF/SKA3/PSRC1/BORA/SKA1"
"GO:0044257","GO:0044257","cellular protein catabolic process",17,0.754826972939676,2.27122172797065,0.00171232876712329,0.00906810727377966,0.00540735400144196,92,"tags=71%, list=11%, signal=64%","CCNB1/PLK1/AURKA/CDC20/UBE2C/AURKB/CDK1/KIF14/PTTG1/CCNF/PBK/BUB1B"
"GO:0045931","GO:0045931","positive regulation of mitotic cell cycle",17,0.803258205253525,2.41694792892399,0.00171232876712329,0.00906810727377966,0.00540735400144196,88,"tags=71%, list=10%, signal=65%","CCNB1/AURKA/UBE2C/ASNS/DLGAP5/CDK1/ESPL1/NUSAP1/CDC25B/NDC80/CDCA5/DBF4B"
"GO:0051302","GO:0051302","regulation of cell division",17,0.741181993075622,2.23016493501548,0.00171232876712329,0.00906810727377966,0.00540735400144196,128,"tags=71%, list=15%, signal=61%","PLK1/AURKB/KIF23/KIF18B/KIF14/KIF20A/CIT/ASPM/PRC1/CDC25B/INCENP/BLM"
"GO:0140013","GO:0140013","meiotic nuclear division",17,0.818819397768157,2.46377047212846,0.00171232876712329,0.00906810727377966,0.00540735400144196,137,"tags=88%, list=16%, signal=76%","PLK1/TOP2A/AURKA/CDC20/ESPL1/ASPM/NCAPH/TTK/CDC25B/SGO2/BRIP1/TRIP13/FANCD2/SGO1/CCNA1"
"GO:1903046","GO:1903046","meiotic cell cycle process",17,0.818819397768157,2.46377047212846,0.00171232876712329,0.00906810727377966,0.00540735400144196,137,"tags=88%, list=16%, signal=76%","PLK1/TOP2A/AURKA/CDC20/ESPL1/ASPM/NCAPH/TTK/CDC25B/SGO2/BRIP1/TRIP13/FANCD2/SGO1/CCNA1"
"GO:0061448","GO:0061448","connective tissue development",17,-0.637071470835928,-2.11062890341624,0.00239234449760766,0.0125769333690126,0.00749968311198118,125,"tags=65%, list=15%, signal=56%","SNAI2/NR1H4/SOX6/FGFR3/AXIN2/ACTA2/CCN2/ITGB8/SCIN/SULF2"
"GO:0048519","GO:0048519","negative regulation of biological process",206,0.314054772451582,1.51717245898479,0.00242718446601942,0.0125769333690126,0.00749968311198118,110,"tags=21%, list=13%, signal=24%","DNMT3A/CCNB1/PLK1/BIRC5/FOXM1/TOP2A/DPYSL3/AURKA/CENPF/HMGB2/PPME1/CDC20/APOBEC3B/AURKB/AARS/ASNS/CDK1/ESPL1/DYSF/BUB1/KIF14/ASPM/PTTG1/NEK2/DEPDC1/CCNF/GTSE1/TTK/CDH13/ANKRD1/NDC80/PBK/KNL1/BRIP1/POLQ/CDKN3/BUB1B/SERPINE1/CSF2/STC2/PIF1/TRIP13/SAPCD2/H2AFX"
"GO:0006959","GO:0006959","humoral immune response",16,-0.621807031645975,-2.00003708778561,0.00246305418719212,0.0125769333690126,0.00749968311198118,49,"tags=31%, list=6%, signal=30%","SERPING1/RARRES2/C1S/CFI"
"GO:0007409","GO:0007409","axonogenesis",16,-0.577458647542373,-1.85739088329388,0.00246305418719212,0.0125769333690126,0.00749968311198118,219,"tags=69%, list=25%, signal=52%","FGFR2/PTPRO/BRSK1/SHH/EFNB3/APOE/DSCAML1/LAMA2/SEMA3B/NTN4"
"GO:0048523","GO:0048523","negative regulation of cellular process",188,0.343285781898071,1.64449478744792,0.00247218788627936,0.0125769333690126,0.00749968311198118,151,"tags=28%, list=18%, signal=29%","DNMT3A/CCNB1/PLK1/BIRC5/FOXM1/TOP2A/DPYSL3/AURKA/CENPF/HMGB2/PPME1/CDC20/APOBEC3B/AURKB/AARS/ASNS/CDK1/ESPL1/DYSF/BUB1/KIF14/ASPM/PTTG1/NEK2/DEPDC1/CCNF/GTSE1/TTK/CDH13/ANKRD1/NDC80/PBK/KNL1/BRIP1/POLQ/CDKN3/BUB1B/SERPINE1/CSF2/PIF1/TRIP13/H2AFX/PSRC1/BLM/TICRR/IL6/COL6A3/GAL/IL20RB/THBD/TNFRSF9/CDC25C"
"GO:0002460","GO:0002460","adaptive immune response based on somatic recombination of immune receptors built from immunoglobulin superfamily domains",15,-0.625020370294824,-1.9595501227307,0.00247524752475248,0.0125769333690126,0.00749968311198118,50,"tags=33%, list=6%, signal=32%","C3/SERPING1/C1S/CFI"
"GO:0001501","GO:0001501","skeletal system development",25,-0.538435693980211,-2.00081470610285,0.00249376558603491,0.0125859847026728,0.00750508046379988,209,"tags=56%, list=24%, signal=44%","FGFR2/SNAI2/JAG2/SHH/SOX6/FGFR3/AXIN2/DSCAML1/RDH10/CCN2/ITGB8/SCIN/SULF2"
"GO:0010556","GO:0010556","regulation of macromolecule biosynthetic process",106,0.390756864733788,1.74424877657519,0.00275482093663912,0.0138108356290174,0.00823546469479484,146,"tags=31%, list=17%, signal=29%","DNMT3A/PLK1/BIRC5/FOXM1/TOP2A/CENPF/HMGB2/AURKB/AARS/DLGAP5/CDK1/MYBL2/CCNA2/PTTG1/NEK2/DEPDC1/CDH13/ZBED2/ANKRD1/BRIP1/DBF4B/SERPINE1/CSF2/PIF1/TRIP13/FANCD2/ESCO2/PSRC1/BLM/TICRR/CCNA1/IL6/GAL"
"GO:0030198","GO:0030198","extracellular matrix organization",37,-0.47227673909473,-1.93815653046677,0.00280898876404494,0.0139891360964357,0.00834178608214114,140,"tags=43%, list=16%, signal=38%","VTN/ITGA11/ITGB4/COL14A1/MMP11/CDH1/LAMA2/ITGA7/SERPINF2/COL4A5/MMP7/CCN2/ITGB8/ADAMTS5/SULF2"
"GO:1901575","GO:1901575","organic substance catabolic process",68,0.416248700865444,1.73100951865822,0.00286123032904149,0.0141555605752579,0.00844102576296173,92,"tags=26%, list=11%, signal=26%","CCNB1/PLK1/AURKA/HMGB2/CDC20/APOBEC3B/UBE2C/AURKB/CDK1/DYSF/KIF14/FAM83D/HMMR/PTTG1/CCNF/CBS/PBK/BUB1B"
"GO:0043062","GO:0043062","extracellular structure organization",39,-0.476002324715954,-2.00507372193727,0.00290697674418605,0.0142878856969144,0.00851993184054528,140,"tags=44%, list=16%, signal=38%","VTN/ITGA11/ITGB4/APOE/COL14A1/MMP11/CDH1/LAMA2/ITGA7/SERPINF2/COL4A5/MMP7/CCN2/ITGB8/ADAMTS5/SULF2"
"GO:0002684","GO:0002684","positive regulation of immune system process",40,-0.463706073304225,-1.9603169080624,0.0029585798816568,0.0144178689546086,0.00859744145389597,133,"tags=38%, list=15%, signal=33%","SKAP1/SHH/NR1H4/ENPP3/S100A1/EFNB3/IL1R1/C3/SCIN/SERPING1/RARRES2/CXCL14/C1S/CFI"
"GO:0051338","GO:0051338","regulation of transferase activity",45,0.476305397752382,1.83898738722088,0.00297176820208024,0.0144178689546086,0.00859744145389597,128,"tags=36%, list=15%, signal=32%","TPX2/CCNB1/PLK1/CDC20/UBE2C/AURKB/CDK1/KIF14/CENPE/NEK2/CDC25B/DBF4B/CDKN3/PIF1/PSRC1/BLM"
"GO:0044255","GO:0044255","cellular lipid metabolic process",47,-0.470814094685305,-2.06791014259406,0.00303030303030303,0.0146076146076146,0.00871058765795608,130,"tags=36%, list=15%, signal=32%","NR1H4/SLC44A3/BCO1/BCO2/FGFR3/CYGB/APOE/AMACR/CRYL1/C3/WDR91/GPC6/RDH10/ITGB8/RARRES2/ALDH1A1"
"GO:0034622","GO:0034622","cellular protein-containing complex assembly",36,0.479116517551565,1.75973047729753,0.003125,0.0147160986683105,0.00877527720142815,158,"tags=42%, list=18%, signal=35%","CENPF/HMGB2/UBE2C/CENPE/HJURP/ANLN/KNL1/CENPA/H2AFX/PSRC1/TICRR/CENPM/CENPW/CENPI/OIP5"
"GO:0051493","GO:0051493","regulation of cytoskeleton organization",34,0.490038584478423,1.76791048498421,0.00317965023847377,0.0147160986683105,0.00877527720142815,134,"tags=38%, list=16%, signal=34%","TPX2/PLK1/AURKA/CIT/TACC3/SPAG5/NEK2/KIF11/CCNF/SKA3/PSRC1/BORA/SKA1"
"GO:2000113","GO:2000113","negative regulation of cellular macromolecule biosynthetic process",34,0.497012736204378,1.7930711077407,0.00317965023847377,0.0147160986683105,0.00877527720142815,102,"tags=32%, list=12%, signal=30%","DNMT3A/PLK1/BIRC5/FOXM1/CENPF/HMGB2/AURKB/DEPDC1/ANKRD1/CSF2/PIF1"
"GO:0010558","GO:0010558","negative regulation of macromolecule biosynthetic process",35,0.486250795481778,1.76687679065825,0.00318471337579618,0.0147160986683105,0.00877527720142815,142,"tags=37%, list=17%, signal=32%","DNMT3A/PLK1/BIRC5/FOXM1/CENPF/HMGB2/AURKB/DEPDC1/ANKRD1/CSF2/PIF1/BLM/IL6"
"GO:0045892","GO:0045892","negative regulation of transcription, DNA-templated",32,0.505823963322169,1.79573029200459,0.00318979266347687,0.0147160986683105,0.00877527720142815,97,"tags=31%, list=11%, signal=29%","DNMT3A/PLK1/BIRC5/FOXM1/CENPF/HMGB2/AURKB/DEPDC1/ANKRD1/CSF2"
"GO:1902679","GO:1902679","negative regulation of RNA biosynthetic process",32,0.505823963322169,1.79573029200459,0.00318979266347687,0.0147160986683105,0.00877527720142815,97,"tags=31%, list=11%, signal=29%","DNMT3A/PLK1/BIRC5/FOXM1/CENPF/HMGB2/AURKB/DEPDC1/ANKRD1/CSF2"
"GO:1903507","GO:1903507","negative regulation of nucleic acid-templated transcription",32,0.505823963322169,1.79573029200459,0.00318979266347687,0.0147160986683105,0.00877527720142815,97,"tags=31%, list=11%, signal=29%","DNMT3A/PLK1/BIRC5/FOXM1/CENPF/HMGB2/AURKB/DEPDC1/ANKRD1/CSF2"
"GO:0006629","GO:0006629","lipid metabolic process",64,-0.375049760376034,-1.73808758686743,0.0033003300330033,0.015041504150415,0.00896931798443002,130,"tags=31%, list=15%, signal=29%","SHH/NR1H4/SLC44A3/BCO1/BCO2/FGFR3/CYGB/APOE/SMARCD3/AMACR/CRYL1/LEPR/C3/WDR91/GPC6/RDH10/ITGB8/RARRES2/ALDH1A1"
"GO:0010638","GO:0010638","positive regulation of organelle organization",29,0.567776570604317,1.9587371894457,0.0033003300330033,0.015041504150415,0.00896931798443002,123,"tags=41%, list=14%, signal=37%","CCNB1/AURKA/UBE2C/AURKB/DLGAP5/ESPL1/NUSAP1/SPAG5/NEK2/CDCA5/CSF2/PSRC1"
"GO:0051098","GO:0051098","regulation of binding",15,0.640602838488304,1.88158547217707,0.00334448160535117,0.0151361143259699,0.00902573446649382,82,"tags=47%, list=10%, signal=43%","PLK1/AURKA/HMGB2/AURKB/HJURP/NEK2/CDCA5"
"GO:0045860","GO:0045860","positive regulation of protein kinase activity",22,0.556201615519817,1.78997130045007,0.00336134453781513,0.0151361143259699,0.00902573446649382,123,"tags=36%, list=14%, signal=32%","TPX2/CCNB1/CDK1/KIF14/CENPE/CDC25B/DBF4B/PSRC1"
"GO:0007018","GO:0007018","microtubule-based movement",24,0.536550394703847,1.75928662561177,0.0033955857385399,0.0151992885439405,0.00906340554271928,87,"tags=33%, list=10%, signal=31%","KIF2C/DLGAP5/KIF23/CENPE/KIF11/KIF22/KIF4A/KIF15"
"GO:0019222","GO:0019222","regulation of metabolic process",218,0.314449335183714,1.5274071562138,0.00365853658536585,0.0161836441893831,0.0096503813335347,110,"tags=22%, list=13%, signal=25%","DNMT3A/TPX2/CCNB1/PLK1/BIRC5/FOXM1/TOP2A/AURKA/KPNA2/CENPF/HMGB2/PPME1/CDC20/UBE2C/AURKB/AARS/DLGAP5/CDK1/MYBL2/DYSF/KIF14/FAM83D/CENPE/CCNA2/PTTG1/NEK2/DEPDC1/PHGDH/TTK/CDC25B/CDH13/ZBED2/ANKRD1/PBK/CDCA2/KNL1/BRIP1/DBF4B/POLQ/CDKN3/SERPINE1/CSF2/STC2/PIF1/TRIP13/FANCD2/H2AFX"
"GO:0048518","GO:0048518","positive regulation of biological process",234,0.308472536487244,1.49959516272638,0.00365853658536585,0.0161836441893831,0.0096503813335347,110,"tags=21%, list=13%, signal=25%","DNMT3A/TPX2/CCNB1/PLK1/BIRC5/FOXM1/TOP2A/DPYSL3/AURKA/KPNA2/HMGB2/CDC20/UBE2C/AURKB/ASNS/DLGAP5/CDK1/MYBL2/KIF23/ESPL1/DYSF/KIF14/FAM83D/CIT/CENPE/CCNA2/ASPM/NUSAP1/PRC1/SPAG5/NEK2/LAMC2/ANLN/GTSE1/TTK/CDC25B/CDH13/ANKRD1/NDC80/CDCA2/CDCA5/DBF4B/SERPINE1/CSF2/DEPDC1B/SAPCD2/CIP2A/H2AFX"
"GO:0009653","GO:0009653","anatomical structure morphogenesis",114,-0.350828771202218,-1.81224616303432,0.00371747211895911,0.0163481814822061,0.00974849567667947,148,"tags=32%, list=17%, signal=31%","BRSK1/CCDC40/TLE2/VTN/SHH/TYMP/KNDC1/SEMA3E/CRYAB/SOX6/FOXQ1/FGFR3/ITGB4/AXIN2/S100A1/EFNB3/APOE/SMARCD3/LEPR/ACTA2/DSCAML1/LAMA2/ITGA7/C3/SEMA3B/NTN4/SERPINF2/GPC6/RDH10/CCN2/NPR1/GPM6A/ITGB8/ADAMTS5/SLC40A1/SULF2"
"GO:0006793","GO:0006793","phosphorus metabolic process",137,0.343359401127683,1.58866255462725,0.0038860103626943,0.0169899987950355,0.0101312142870733,97,"tags=21%, list=11%, signal=22%","TPX2/CCNB1/PLK1/BIRC5/FOXM1/AURKA/TK1/PPME1/AURKB/DLGAP5/CDK1/CCNB2/BUB1/KIF14/FAM83D/CIT/CENPE/CCNA2/NEK2/CCNF/TTK/CDC25B/PBK/CDCA2/KNL1/DBF4B/CDKN3/BUB1B/CSF2"
"GO:0032268","GO:0032268","regulation of cellular protein metabolic process",101,0.37417010222332,1.65670210456755,0.00413223140495868,0.0179620694597048,0.0107108644874499,97,"tags=24%, list=11%, signal=24%","TPX2/CCNB1/PLK1/BIRC5/FOXM1/AURKA/PPME1/CDC20/UBE2C/AARS/CDK1/DYSF/KIF14/FAM83D/CENPE/PTTG1/TTK/CDC25B/PBK/CDCA2/DBF4B/CDKN3/SERPINE1/CSF2"
"GO:0016310","GO:0016310","phosphorylation",103,0.380810079868634,1.68691240194298,0.00416088765603329,0.0179826868812473,0.0107231587505758,97,"tags=24%, list=11%, signal=24%","TPX2/CCNB1/PLK1/BIRC5/FOXM1/AURKA/TK1/AURKB/CDK1/CCNB2/BUB1/KIF14/FAM83D/CIT/CENPE/CCNA2/NEK2/CCNF/TTK/CDC25B/PBK/DBF4B/CDKN3/BUB1B/CSF2"
"GO:0009628","GO:0009628","response to abiotic stimulus",48,0.431750960908864,1.69943318705768,0.00441176470588235,0.0188323288311602,0.0112298041462405,195,"tags=46%, list=23%, signal=38%","DNMT3A/CCNB1/AURKB/ASNS/DYSF/CCNA2/ANKRD1/PBK/BRIP1/STC2/FANCD2/H2AFX/PAPPA2/PCLAF/BLM/TICRR/THBD/UCP2/NMU/FGF1/MME/FOSB"
"GO:0010629","GO:0010629","negative regulation of gene expression",48,0.437075493631152,1.72039130512366,0.00441176470588235,0.0188323288311602,0.0112298041462405,98,"tags=31%, list=11%, signal=29%","DNMT3A/CCNB1/PLK1/BIRC5/FOXM1/CENPF/HMGB2/AURKB/DYSF/DEPDC1/ANKRD1/BRIP1/SERPINE1/CSF2/STC2"
"GO:0034613","GO:0034613","cellular protein localization",51,0.427467867118484,1.69076462707419,0.00445765230312036,0.0188323288311602,0.0112298041462405,121,"tags=33%, list=14%, signal=30%","PLK1/AURKA/KPNA2/AURKB/CDK1/FAM83D/SPAG5/GTSE1/TTK/NDC80/CDCA5/KNL1/CENPA/BUB1B/SAPCD2/GPC4/ESCO2"
"GO:0070727","GO:0070727","cellular macromolecule localization",51,0.427467867118484,1.69076462707419,0.00445765230312036,0.0188323288311602,0.0112298041462405,121,"tags=33%, list=14%, signal=30%","PLK1/AURKA/KPNA2/AURKB/CDK1/FAM83D/SPAG5/GTSE1/TTK/NDC80/CDCA5/KNL1/CENPA/BUB1B/SAPCD2/GPC4/ESCO2"
"GO:0051253","GO:0051253","negative regulation of RNA metabolic process",33,0.488492763444896,1.755429392872,0.00477707006369427,0.0196665576985943,0.0117272586500576,97,"tags=30%, list=11%, signal=28%","DNMT3A/PLK1/BIRC5/FOXM1/CENPF/HMGB2/AURKB/DEPDC1/ANKRD1/CSF2"
"GO:0002449","GO:0002449","lymphocyte mediated immunity",17,-0.578669693531794,-1.91714279576298,0.00478468899521531,0.0196665576985943,0.0117272586500576,50,"tags=29%, list=6%, signal=28%","C3/SERPING1/C1S/CFI"
"GO:1901564","GO:1901564","organonitrogen compound metabolic process",240,0.30549457103171,1.49148241778855,0.00483675937122128,0.0196665576985943,0.0117272586500576,129,"tags=22%, list=15%, signal=27%","TPX2/CCNB1/PLK1/BIRC5/FOXM1/AURKA/TK1/PPME1/CDC20/APOBEC3B/UBE2C/AURKB/AARS/ASNS/DLGAP5/CDCA3/CDK1/CCNB2/ESPL1/DYSF/BUB1/KIF14/FAM83D/CIT/CENPE/CCNA2/HMMR/PTTG1/SLC7A5/NEK2/PHGDH/CCNF/CBS/TTK/CDC25B/PBK/CDCA2/OTUB2/DBF4B/CDKN3/BUB1B/SERPINE1/ADAMTS6/ASB2/CSF2/STC2/AOX1/MARCH4/PAPPA2/GPC4/ESCO2/PSRC1/BLM/TICRR"
"GO:0002253","GO:0002253","activation of immune response",19,-0.599555904221358,-2.04471795764094,0.00488997555012225,0.0196665576985943,0.0117272586500576,133,"tags=42%, list=15%, signal=36%","SKAP1/NR1H4/S100A1/C3/SERPING1/C1S/CFI"
"GO:0048667","GO:0048667","cell morphogenesis involved in neuron differentiation",19,-0.556626054749007,-1.8983105358861,0.00488997555012225,0.0196665576985943,0.0117272586500576,235,"tags=68%, list=27%, signal=51%","NRXN3/FGFR2/PTPRO/BRSK1/SHH/KNDC1/EFNB3/APOE/DSCAML1/LAMA2/SEMA3B/NTN4"
"GO:0051604","GO:0051604","protein maturation",22,-0.531167857573323,-1.90896963453811,0.00491400491400491,0.0196665576985943,0.0117272586500576,49,"tags=36%, list=6%, signal=35%","SHH/C3/SERPINF2/SCG5/SERPING1/C1S/CFI"
"GO:0016485","GO:0016485","protein processing",21,-0.552332065628564,-1.9543112359658,0.00492610837438424,0.0196665576985943,0.0117272586500576,49,"tags=38%, list=6%, signal=37%","SHH/C3/SERPINF2/SCG5/SERPING1/C1S/CFI"
"GO:0016567","GO:0016567","protein ubiquitination",20,0.554610567505945,1.75985958158736,0.00493421052631579,0.0196665576985943,0.0117272586500576,113,"tags=40%, list=13%, signal=36%","PLK1/CDC20/UBE2C/CDCA3/DYSF/CCNF/ASB2/MARCH4"
"GO:0032446","GO:0032446","protein modification by small protein conjugation",20,0.554610567505945,1.75985958158736,0.00493421052631579,0.0196665576985943,0.0117272586500576,113,"tags=40%, list=13%, signal=36%","PLK1/CDC20/UBE2C/CDCA3/DYSF/CCNF/ASB2/MARCH4"
"GO:0009058","GO:0009058","biosynthetic process",185,0.322870957310881,1.54495589143052,0.00495662949194548,0.0196665576985943,0.0117272586500576,129,"tags=24%, list=15%, signal=26%","DNMT3A/CCNB1/PLK1/BIRC5/FOXM1/TOP2A/CENPF/TK1/HMGB2/AURKB/AARS/ASNS/DLGAP5/CDK1/MYBL2/CCNA2/PTTG1/ACAT2/NEK2/DEPDC1/PHGDH/CBS/CDH13/ZBED2/ANKRD1/GINS1/BRIP1/DBF4B/POLQ/SERPINE1/CSF2/STC2/PIF1/TRIP13/FANCD2/PCK2/GPC4/ESCO2/GINS4/PSRC1/PCLAF/ALOX5AP/BLM/TICRR"
"GO:0050778","GO:0050778","positive regulation of immune response",26,-0.50381352055749,-1.89368074315268,0.00496277915632754,0.0196665576985943,0.0117272586500576,133,"tags=35%, list=15%, signal=30%","SKAP1/NR1H4/S100A1/IL1R1/C3/SERPING1/C1S/CFI"
"GO:0019538","GO:0019538","protein metabolic process",196,0.312269658389996,1.49377885746957,0.00496894409937888,0.0196665576985943,0.0117272586500576,144,"tags=25%, list=17%, signal=27%","TPX2/CCNB1/PLK1/BIRC5/FOXM1/AURKA/PPME1/CDC20/UBE2C/AURKB/AARS/DLGAP5/CDCA3/CDK1/CCNB2/ESPL1/DYSF/BUB1/KIF14/FAM83D/CIT/CENPE/CCNA2/PTTG1/NEK2/CCNF/TTK/CDC25B/PBK/CDCA2/OTUB2/DBF4B/CDKN3/BUB1B/SERPINE1/ADAMTS6/ASB2/CSF2/STC2/MARCH4/PAPPA2/ESCO2/PSRC1/BLM/TICRR/CCNA1/SEMA7A/IL6/COL6A3"
"GO:0006810","GO:0006810","transport",182,-0.25425267772351,-1.41957767227399,0.00505050505050505,0.0198563582594001,0.0118404375958909,95,"tags=23%, list=11%, signal=26%","VTN/SLC29A4/SHH/NR1H4/SLC44A3/AQP4/CRYAB/ENPP3/S100A1/CYGB/APOE/TMEM37/AMACR/SCN3A/SSC5D/SLC25A29/SLC6A13/CDH1/LEPR/SSC4D/C3/WDR91/LIN7A/SERPINF2/ARRDC4/LLGL2/KCNJ16/SLC17A1/SLC2A2/SLC47A1/SCG5/CCN2/NPR1/PDZK1/GPM6A/SCIN/SERPING1/SLC40A1/RARRES2/SLC34A2/CFI"
"GO:0044249","GO:0044249","cellular biosynthetic process",177,0.319275976739701,1.51388840331784,0.00506970849176172,0.0198563582594001,0.0118404375958909,129,"tags=23%, list=15%, signal=25%","DNMT3A/CCNB1/PLK1/BIRC5/FOXM1/TOP2A/CENPF/TK1/HMGB2/AURKB/AARS/ASNS/DLGAP5/CDK1/MYBL2/CCNA2/PTTG1/NEK2/DEPDC1/PHGDH/CBS/CDH13/ZBED2/ANKRD1/GINS1/BRIP1/DBF4B/POLQ/SERPINE1/CSF2/STC2/PIF1/TRIP13/FANCD2/ESCO2/GINS4/PSRC1/PCLAF/ALOX5AP/BLM/TICRR"
"GO:0006796","GO:0006796","phosphate-containing compound metabolic process",136,0.344859685352281,1.59304002951039,0.00521512385919166,0.0203200680938452,0.0121169498991854,97,"tags=21%, list=11%, signal=22%","TPX2/CCNB1/PLK1/BIRC5/FOXM1/AURKA/TK1/PPME1/AURKB/DLGAP5/CDK1/CCNB2/BUB1/KIF14/FAM83D/CIT/CENPE/CCNA2/NEK2/CCNF/TTK/CDC25B/PBK/CDCA2/KNL1/DBF4B/CDKN3/BUB1B/CSF2"
"GO:0044271","GO:0044271","cellular nitrogen compound biosynthetic process",130,0.350130775619892,1.60111025849609,0.00531914893617021,0.0206185567010309,0.0122949400260907,146,"tags=28%, list=17%, signal=27%","DNMT3A/CCNB1/PLK1/BIRC5/FOXM1/TOP2A/CENPF/TK1/HMGB2/AURKB/AARS/ASNS/DLGAP5/CDK1/MYBL2/CCNA2/PTTG1/NEK2/DEPDC1/CDH13/ZBED2/ANKRD1/BRIP1/POLQ/SERPINE1/CSF2/PIF1/TRIP13/FANCD2/PSRC1/PCLAF/BLM/TICRR/CCNA1/IL6/GAL"
"GO:0051704","GO:0051704","multi-organism process",107,0.379780536400085,1.69282663503934,0.00553250345781466,0.0213356030783417,0.0127225180730313,174,"tags=36%, list=20%, signal=32%","DNMT3A/CCNB1/PLK1/TOP2A/AURKA/KPNA2/HMGB2/APOBEC3B/CDK1/BUB1/CCNA2/ASPM/KIFC1/PTTG1/NCAPH/TTK/CDC25B/ANKRD1/KNL1/BRIP1/CENPA/SERPINE1/CSF2/STC2/TRIP13/FANCD2/CIP2A/H2AFX/CCNA1/IL6/THBD/ULBP1/CDC25C/CTSV/UCP2/KRT7/PSG3/ARG2"
"GO:0031327","GO:0031327","negative regulation of cellular biosynthetic process",38,0.446473783024472,1.6614532588177,0.00618238021638331,0.02372015266694,0.0141444359408125,142,"tags=34%, list=17%, signal=30%","DNMT3A/PLK1/BIRC5/FOXM1/CENPF/HMGB2/AURKB/DEPDC1/ANKRD1/CSF2/PIF1/BLM/IL6"
"GO:1901576","GO:1901576","organic substance biosynthetic process",182,0.32261483578575,1.53680184903723,0.00621890547263682,0.023739172159507,0.0141557773515537,129,"tags=24%, list=15%, signal=25%","DNMT3A/CCNB1/PLK1/BIRC5/FOXM1/TOP2A/CENPF/TK1/HMGB2/AURKB/AARS/ASNS/DLGAP5/CDK1/MYBL2/CCNA2/PTTG1/ACAT2/NEK2/DEPDC1/PHGDH/CBS/CDH13/ZBED2/ANKRD1/GINS1/BRIP1/DBF4B/POLQ/SERPINE1/CSF2/PIF1/TRIP13/FANCD2/PCK2/GPC4/ESCO2/GINS4/PSRC1/PCLAF/ALOX5AP/BLM/TICRR"
"GO:0051173","GO:0051173","positive regulation of nitrogen compound metabolic process",108,0.356664641002465,1.58994875472,0.00687757909215956,0.0260613411887021,0.0155404974053571,97,"tags=23%, list=11%, signal=23%","TPX2/CCNB1/PLK1/FOXM1/TOP2A/AURKA/HMGB2/CDC20/UBE2C/AURKB/DLGAP5/CDK1/MYBL2/KIF14/CENPE/CCNA2/NEK2/TTK/CDC25B/CDH13/ANKRD1/CDCA2/DBF4B/SERPINE1/CSF2"
"GO:0006351","GO:0006351","transcription, DNA-templated",95,0.366289375778047,1.61261473279758,0.00689655172413793,0.0260613411887021,0.0155404974053571,146,"tags=29%, list=17%, signal=28%","DNMT3A/CCNB1/PLK1/BIRC5/FOXM1/TOP2A/CENPF/HMGB2/AURKB/DLGAP5/CDK1/MYBL2/CCNA2/PTTG1/DEPDC1/CDH13/ZBED2/ANKRD1/BRIP1/SERPINE1/CSF2/TRIP13/FANCD2/PSRC1/BLM/CCNA1/IL6/GAL"
"GO:0055085","GO:0055085","transmembrane transport",76,-0.31519801415936,-1.5165288523049,0.00701754385964912,0.0263859649122807,0.0157340720221607,221,"tags=34%, list=26%, signal=28%","KCNK15/CDH17/SLC4A10/GPR155/TMC4/ABCB4/TMEM150C/SLC6A12/SLC29A4/SLC44A3/AQP4/S100A1/TMEM37/SCN3A/SLC25A29/SLC6A13/C3/KCNJ16/SLC17A1/SLC2A2/SLC47A1/PDZK1/GPM6A/SLC40A1/SLC34A2"
"GO:0044248","GO:0044248","cellular catabolic process",66,0.399474899184315,1.65134081674921,0.00721500721500722,0.0269934598292807,0.0160963240303382,92,"tags=24%, list=11%, signal=23%","CCNB1/PLK1/AURKA/HMGB2/CDC20/APOBEC3B/UBE2C/AURKB/CDK1/KIF14/HMMR/PTTG1/CCNF/CBS/PBK/BUB1B"
"GO:0002250","GO:0002250","adaptive immune response",18,-0.550726344687499,-1.84993029635322,0.00740740740740741,0.0274402481299033,0.0163627459453231,50,"tags=28%, list=6%, signal=27%","C3/SERPING1/C1S/CFI"
"GO:0061564","GO:0061564","axon development",18,-0.537482575300896,-1.80544350093745,0.00740740740740741,0.0274402481299033,0.0163627459453231,219,"tags=67%, list=25%, signal=51%","FGFR2/CRTAC1/PTPRO/BRSK1/SHH/EFNB3/APOE/DSCAML1/LAMA2/SEMA3B/NTN4"
"GO:0043066","GO:0043066","negative regulation of apoptotic process",40,0.439796584572247,1.66237706878834,0.00753012048192771,0.0276226858654129,0.0164715344046275,37,"tags=22%, list=4%, signal=23%","PLK1/BIRC5/AURKA/HMGB2/AURKB/AARS/ASNS/CDK1/KIF14"
"GO:0043069","GO:0043069","negative regulation of programmed cell death",40,0.439796584572247,1.66237706878834,0.00753012048192771,0.0276226858654129,0.0164715344046275,37,"tags=22%, list=4%, signal=23%","PLK1/BIRC5/AURKA/HMGB2/AURKB/AARS/ASNS/CDK1/KIF14"
"GO:0006887","GO:0006887","exocytosis",27,-0.48604175483894,-1.85305011194353,0.00763358778625954,0.0278663010449863,0.0166168032547091,49,"tags=26%, list=6%, signal=25%","LIN7A/SERPINF2/LLGL2/SCIN/SERPING1/RARRES2"
"GO:0045859","GO:0045859","regulation of protein kinase activity",33,0.468366805359329,1.68310549981375,0.00796178343949045,0.028923966891289,0.017247494254884,128,"tags=33%, list=15%, signal=30%","TPX2/CCNB1/PLK1/CDK1/KIF14/CENPE/CDC25B/DBF4B/CDKN3/PSRC1/BLM"
"GO:0033036","GO:0033036","macromolecule localization",94,0.36718464324108,1.61489644999464,0.00821917808219178,0.0295733106115226,0.0176347008965686,174,"tags=35%, list=20%, signal=31%","PLK1/AURKA/KPNA2/CENPF/AURKB/CEP55/CDK1/DYSF/KIF14/FAM83D/KIF20A/SPAG5/GTSE1/TTK/ANKRD1/NDC80/CDCA5/KNL1/CENPA/BUB1B/SNCG/SAPCD2/GPC4/ESCO2/BORA/IL6/GAL/ANKLE1/UCP2/CEP128/NMU/ATP6V0A4/ARG2"
"GO:0097659","GO:0097659","nucleic acid-templated transcription",96,0.364813656274096,1.61086816999617,0.00821917808219178,0.0295733106115226,0.0176347008965686,146,"tags=29%, list=17%, signal=27%","DNMT3A/CCNB1/PLK1/BIRC5/FOXM1/TOP2A/CENPF/HMGB2/AURKB/DLGAP5/CDK1/MYBL2/CCNA2/PTTG1/DEPDC1/CDH13/ZBED2/ANKRD1/BRIP1/SERPINE1/CSF2/TRIP13/FANCD2/PSRC1/BLM/CCNA1/IL6/GAL"
"GO:0016070","GO:0016070","RNA metabolic process",101,0.359859749438863,1.59334057077786,0.00826446280991736,0.029594647776466,0.0176474243459889,146,"tags=29%, list=17%, signal=27%","DNMT3A/CCNB1/PLK1/BIRC5/FOXM1/TOP2A/CENPF/HMGB2/AURKB/AARS/DLGAP5/CDK1/MYBL2/CCNA2/PTTG1/DEPDC1/CDH13/ZBED2/ANKRD1/BRIP1/SERPINE1/CSF2/TRIP13/FANCD2/PSRC1/BLM/CCNA1/IL6/GAL"
"GO:0009887","GO:0009887","animal organ morphogenesis",55,-0.357812888615979,-1.61790908600999,0.009375,0.0334123222748815,0.019923921177351,197,"tags=38%, list=23%, signal=31%","FGFR2/SNAI2/JAG2/COL5A2/CCDC40/TLE2/SHH/FGFR3/ITGB4/AXIN2/SMARCD3/ACTA2/DSCAML1/NTN4/GPC6/RDH10/CCN2/ADAMTS5/SLC40A1/SULF2"
"GO:0019438","GO:0019438","aromatic compound biosynthetic process",123,0.34087326297298,1.54952801360795,0.00943396226415094,0.0334638661445354,0.0199546570234772,146,"tags=27%, list=17%, signal=26%","DNMT3A/CCNB1/PLK1/BIRC5/FOXM1/TOP2A/CENPF/TK1/HMGB2/AURKB/DLGAP5/CDK1/MYBL2/CCNA2/PTTG1/NEK2/DEPDC1/CDH13/ZBED2/ANKRD1/BRIP1/POLQ/SERPINE1/CSF2/PIF1/TRIP13/FANCD2/PSRC1/PCLAF/BLM/CCNA1/IL6/GAL"
"GO:0003006","GO:0003006","developmental process involved in reproduction",32,0.468858417555968,1.66449856890299,0.00956937799043062,0.0336777454336074,0.0200821942255274,104,"tags=34%, list=12%, signal=31%","CCNB1/AURKA/HMGB2/ASPM/CCNF/CDC25B/KNL1/BRIP1/CSF2/STC2/TRIP13"
"GO:0032774","GO:0032774","RNA biosynthetic process",97,0.362629587466121,1.60073502745205,0.00960219478737997,0.0336777454336074,0.0200821942255274,146,"tags=29%, list=17%, signal=27%","DNMT3A/CCNB1/PLK1/BIRC5/FOXM1/TOP2A/CENPF/HMGB2/AURKB/DLGAP5/CDK1/MYBL2/CCNA2/PTTG1/DEPDC1/CDH13/ZBED2/ANKRD1/BRIP1/SERPINE1/CSF2/TRIP13/FANCD2/PSRC1/BLM/CCNA1/IL6/GAL"
"GO:0031399","GO:0031399","regulation of protein modification process",78,0.376677455129801,1.61757892368622,0.00962861072902338,0.0336777454336074,0.0200821942255274,97,"tags=24%, list=11%, signal=24%","TPX2/CCNB1/PLK1/FOXM1/PPME1/CDC20/UBE2C/CDK1/DYSF/KIF14/FAM83D/CENPE/TTK/CDC25B/PBK/CDCA2/DBF4B/CDKN3/CSF2"
"GO:0007423","GO:0007423","sensory organ development",23,-0.476880949562256,-1.73113217722174,0.0097323600973236,0.0338830314499414,0.0202046072195899,195,"tags=48%, list=23%, signal=38%","JAG2/COL5A2/SHH/CRYAB/SMARCD3/LIN7A/CEBPD/RDH10/GPM6A/CXCL14"
"GO:0044093","GO:0044093","positive regulation of molecular function",75,0.369052288974,1.57070048920925,0.00979020979020979,0.033927362959621,0.0202310423023496,146,"tags=28%, list=17%, signal=25%","TPX2/CCNB1/PLK1/HMGB2/CDC20/UBE2C/AURKB/CDK1/KIF14/CENPE/NCAPH/NEK2/DEPDC1/CDC25B/CDCA5/DBF4B/DEPDC1B/PSRC1/ALOX5AP/IL6/GAL"
"GO:0051172","GO:0051172","negative regulation of nitrogen compound metabolic process",74,0.375368266857564,1.59424977471713,0.0099009900990099,0.0341538741030066,0.0203661119371232,102,"tags=24%, list=12%, signal=23%","DNMT3A/CCNB1/PLK1/BIRC5/FOXM1/CENPF/HMGB2/PPME1/AURKB/DYSF/PTTG1/DEPDC1/ANKRD1/PBK/POLQ/SERPINE1/CSF2/PIF1"
"GO:1901362","GO:1901362","organic cyclic compound biosynthetic process",130,0.33654693560879,1.53899282379462,0.0106382978723404,0.0365296803652968,0.0217828161192839,146,"tags=26%, list=17%, signal=26%","DNMT3A/CCNB1/PLK1/BIRC5/FOXM1/TOP2A/CENPF/TK1/HMGB2/AURKB/DLGAP5/CDK1/MYBL2/CCNA2/PTTG1/ACAT2/NEK2/DEPDC1/CDH13/ZBED2/ANKRD1/BRIP1/POLQ/SERPINE1/CSF2/PIF1/TRIP13/FANCD2/PSRC1/PCLAF/BLM/CCNA1/IL6/GAL"
"GO:0031326","GO:0031326","regulation of cellular biosynthetic process",116,0.353889103085864,1.59503780586843,0.0109289617486339,0.0372900266534433,0.0222362141018573,146,"tags=29%, list=17%, signal=28%","DNMT3A/PLK1/BIRC5/FOXM1/TOP2A/CENPF/HMGB2/AURKB/AARS/DLGAP5/CDK1/MYBL2/CCNA2/PTTG1/NEK2/DEPDC1/CDH13/ZBED2/ANKRD1/BRIP1/DBF4B/SERPINE1/CSF2/STC2/PIF1/TRIP13/FANCD2/ESCO2/PSRC1/BLM/TICRR/CCNA1/IL6/GAL"
"GO:0010604","GO:0010604","positive regulation of macromolecule metabolic process",110,0.350109470799057,1.56749470041708,0.010958904109589,0.0372900266534433,0.0222362141018573,97,"tags=23%, list=11%, signal=23%","TPX2/CCNB1/PLK1/FOXM1/TOP2A/AURKA/HMGB2/CDC20/UBE2C/AURKB/DLGAP5/CDK1/MYBL2/KIF14/CENPE/CCNA2/NEK2/TTK/CDC25B/CDH13/ANKRD1/CDCA2/DBF4B/SERPINE1/CSF2"
"GO:0045087","GO:0045087","innate immune response",36,-0.406484890436696,-1.66348809327605,0.0110497237569061,0.0374296948882584,0.0223194989115315,125,"tags=31%, list=15%, signal=27%","AQP4/S100A1/APOE/SSC5D/C3/ASS1/SERPING1/RARRES2/C1S/CFI"
"GO:0043933","GO:0043933","protein-containing complex subunit organization",83,0.375410578098801,1.61797831457458,0.0111265646731572,0.0375209714538753,0.0223739275466837,158,"tags=33%, list=18%, signal=29%","CCNB1/DPYSL3/CENPF/TK1/HMGB2/KIF2C/UBE2C/CDK1/KIF18B/KIF14/CENPE/HJURP/ANLN/NDC80/KNL1/POLQ/CENPA/CSF2/H2AFX/PSRC1/ALOX5AP/BLM/TICRR/CENPM/CENPW/CENPI/OIP5"
"GO:0018130","GO:0018130","heterocycle biosynthetic process",122,0.342121669709064,1.55198263591926,0.0121130551816958,0.0404845222072678,0.0241411064673798,146,"tags=27%, list=17%, signal=26%","DNMT3A/CCNB1/PLK1/BIRC5/FOXM1/TOP2A/CENPF/TK1/HMGB2/AURKB/DLGAP5/CDK1/MYBL2/CCNA2/PTTG1/NEK2/DEPDC1/CDH13/ZBED2/ANKRD1/BRIP1/POLQ/SERPINE1/CSF2/PIF1/TRIP13/FANCD2/PSRC1/PCLAF/BLM/CCNA1/IL6/GAL"
"GO:0034654","GO:0034654","nucleobase-containing compound biosynthetic process",122,0.342121669709064,1.55198263591926,0.0121130551816958,0.0404845222072678,0.0241411064673798,146,"tags=27%, list=17%, signal=26%","DNMT3A/CCNB1/PLK1/BIRC5/FOXM1/TOP2A/CENPF/TK1/HMGB2/AURKB/DLGAP5/CDK1/MYBL2/CCNA2/PTTG1/NEK2/DEPDC1/CDH13/ZBED2/ANKRD1/BRIP1/POLQ/SERPINE1/CSF2/PIF1/TRIP13/FANCD2/PSRC1/PCLAF/BLM/CCNA1/IL6/GAL"
"GO:0150063","GO:0150063","visual system development",16,-0.533781352811198,-1.71690323212459,0.0123152709359606,0.0408424355802305,0.0243545318549527,163,"tags=44%, list=19%, signal=36%","SHH/CRYAB/SMARCD3/C3/RDH10/GPM6A"
"GO:0051252","GO:0051252","regulation of RNA metabolic process",96,0.349879795519216,1.54492633768955,0.0123287671232877,0.0408424355802305,0.0243545318549527,146,"tags=28%, list=17%, signal=26%","DNMT3A/CCNB1/PLK1/BIRC5/FOXM1/TOP2A/CENPF/HMGB2/AURKB/DLGAP5/MYBL2/CCNA2/PTTG1/DEPDC1/CDH13/ZBED2/ANKRD1/BRIP1/SERPINE1/CSF2/TRIP13/FANCD2/PSRC1/BLM/CCNA1/IL6/GAL"
"GO:0048646","GO:0048646","anatomical structure formation involved in morphogenesis",55,-0.348239370068387,-1.57462086712233,0.0125,0.0412280701754386,0.024584487534626,133,"tags=42%, list=15%, signal=38%","NR4A1/FGFR2/SNAI2/GPNMB/COL5A2/VTN/SHH/TYMP/KNDC1/SEMA3E/ITGB4/AXIN2/S100A1/SMARCD3/LEPR/ITGA7/C3/RDH10/CCN2/NPR1/ITGB8/SLC40A1"
"GO:0019216","GO:0019216","regulation of lipid metabolic process",20,-0.501479691424645,-1.72473386163394,0.0126903553299492,0.0416731319131958,0.0248498798922472,190,"tags=55%, list=22%, signal=44%","SNAI2/ABCB4/NR1H4/FGFR3/APOE/SMARCD3/C3/WDR91/RDH10/RARRES2"
"GO:0022411","GO:0022411","cellular component disassembly",32,0.459911645880539,1.63273655271123,0.0127591706539075,0.0417169405727758,0.024876003197092,33,"tags=25%, list=4%, signal=25%","CCNB1/PLK1/TOP2A/HMGB2/KIF2C/CDK1/CCNB2/KIF18B"
"GO:0045935","GO:0045935","positive regulation of nucleobase-containing compound metabolic process",56,0.386245917932371,1.56425098857201,0.0130624092888244,0.0425235142216274,0.0253569667670959,146,"tags=34%, list=17%, signal=30%","CCNB1/FOXM1/TOP2A/HMGB2/AURKB/DLGAP5/CDK1/MYBL2/CCNA2/NEK2/CDH13/ANKRD1/DBF4B/SERPINE1/H2AFX/PSRC1/BLM/IL6/GAL"
"GO:0003013","GO:0003013","circulatory system process",33,-0.427032879156422,-1.69704787818377,0.0133689839572193,0.0431479653898235,0.0257293298657122,91,"tags=36%, list=11%, signal=34%","PTP4A3/SPX/PTPRO/S100A1/APOE/ACTA2/SERPINF2/CCN2/NPR1/SERPING1/SOD2"
"GO:0008015","GO:0008015","blood circulation",33,-0.427032879156422,-1.69704787818377,0.0133689839572193,0.0431479653898235,0.0257293298657122,91,"tags=36%, list=11%, signal=34%","PTP4A3/SPX/PTPRO/S100A1/APOE/ACTA2/SERPINF2/CCN2/NPR1/SERPING1/SOD2"
"GO:0060548","GO:0060548","negative regulation of cell death",43,0.415472184450746,1.5927272308537,0.0134730538922156,0.0432980193459235,0.0258188077286722,37,"tags=21%, list=4%, signal=21%","PLK1/BIRC5/AURKA/HMGB2/AURKB/AARS/ASNS/CDK1/KIF14"
"GO:0031325","GO:0031325","positive regulation of cellular metabolic process",113,0.343249842135314,1.54622618526228,0.0135685210312076,0.0434192672998643,0.0258911084402886,97,"tags=22%, list=11%, signal=23%","TPX2/CCNB1/PLK1/FOXM1/TOP2A/AURKA/HMGB2/CDC20/UBE2C/AURKB/DLGAP5/CDK1/MYBL2/KIF14/CENPE/CCNA2/NEK2/TTK/CDC25B/CDH13/ANKRD1/CDCA2/DBF4B/SERPINE1/CSF2"
"GO:0010941","GO:0010941","regulation of cell death",69,0.373630318358171,1.5584043530037,0.0141843971631206,0.0451977401129944,0.0269516199441988,37,"tags=17%, list=4%, signal=18%","DNMT3A/PLK1/BIRC5/TOP2A/AURKA/HMGB2/AURKB/AARS/ASNS/CDK1/MYBL2/KIF14"
"GO:0048880","GO:0048880","sensory system development",17,-0.50971735151661,-1.68870248305437,0.0143540669856459,0.0455453939797711,0.0271589275411289,163,"tags=41%, list=19%, signal=34%","SHH/CRYAB/SMARCD3/C3/RDH10/GPM6A"
"GO:0050776","GO:0050776","regulation of immune response",42,-0.396110386496017,-1.69822856072444,0.0145772594752187,0.0460592400225396,0.0274653362956353,149,"tags=29%, list=17%, signal=25%","VTN/SKAP1/NR1H4/ENPP3/S100A1/APOE/IL1R1/C3/SERPING1/C1S/CFI"
"GO:0002697","GO:0002697","regulation of immune effector process",21,-0.480086445491057,-1.69868525302858,0.0147783251231527,0.0464991652410495,0.0277276657232462,133,"tags=33%, list=15%, signal=29%","ENPP3/IL1R1/C3/SERPING1/C1S/CFI"
"GO:2001141","GO:2001141","regulation of RNA biosynthetic process",93,0.347744381381476,1.52965835749881,0.0149659863945578,0.0468934240362812,0.0279627640529896,146,"tags=28%, list=17%, signal=26%","DNMT3A/PLK1/BIRC5/FOXM1/TOP2A/CENPF/HMGB2/AURKB/DLGAP5/MYBL2/CCNA2/PTTG1/DEPDC1/CDH13/ZBED2/ANKRD1/BRIP1/SERPINE1/CSF2/TRIP13/FANCD2/PSRC1/BLM/CCNA1/IL6/GAL"
"GO:0009890","GO:0009890","negative regulation of biosynthetic process",40,0.41899433016882,1.58374710231647,0.0150602409638554,0.0469006617927307,0.0279670799603909,102,"tags=28%, list=12%, signal=25%","DNMT3A/PLK1/BIRC5/FOXM1/CENPF/HMGB2/AURKB/DEPDC1/ANKRD1/CSF2/PIF1"
"GO:0009314","GO:0009314","response to radiation",19,0.530459980191383,1.65258266991633,0.015177065767285,0.0469006617927307,0.0279670799603909,187,"tags=63%, list=22%, signal=51%","DNMT3A/AURKB/ASNS/PBK/FANCD2/H2AFX/PCLAF/BLM/TICRR/THBD/NMU/MME"
"GO:0010605","GO:0010605","negative regulation of macromolecule metabolic process",79,0.363892457902214,1.56297331514823,0.0152565880721221,0.0469006617927307,0.0279670799603909,102,"tags=25%, list=12%, signal=25%","DNMT3A/CCNB1/PLK1/BIRC5/FOXM1/CENPF/HMGB2/PPME1/AURKB/DYSF/PTTG1/DEPDC1/ANKRD1/PBK/BRIP1/POLQ/SERPINE1/CSF2/STC2/PIF1"
"GO:0050790","GO:0050790","regulation of catalytic activity",104,0.334906560155608,1.48475104890941,0.0152565880721221,0.0469006617927307,0.0279670799603909,128,"tags=25%, list=15%, signal=24%","TPX2/CCNB1/PLK1/BIRC5/HMGB2/PPME1/CDC20/UBE2C/AURKB/CDK1/KIF14/CENPE/PTTG1/NCAPH/NEK2/DEPDC1/CDC25B/KNL1/DBF4B/CDKN3/SERPINE1/DEPDC1B/PIF1/PSRC1/ALOX5AP/BLM"
"GO:0033674","GO:0033674","positive regulation of kinase activity",24,0.514455060269899,1.68683858206961,0.0152801358234295,0.0469006617927307,0.0279670799603909,123,"tags=33%, list=14%, signal=29%","TPX2/CCNB1/CDK1/KIF14/CENPE/CDC25B/DBF4B/PSRC1"
"GO:0006366","GO:0006366","transcription by RNA polymerase II",71,0.368601356450107,1.54999120827235,0.0155586987270156,0.0475615505801451,0.028361170978642,104,"tags=24%, list=12%, signal=23%","DNMT3A/CCNB1/PLK1/FOXM1/TOP2A/HMGB2/AURKB/DLGAP5/CDK1/MYBL2/PTTG1/CDH13/ZBED2/ANKRD1/BRIP1/SERPINE1/TRIP13"
"GO:0009889","GO:0009889","regulation of biosynthetic process",120,0.335480832983714,1.52313731799239,0.0161725067385445,0.0492377533092528,0.0293606983619005,146,"tags=28%, list=17%, signal=27%","DNMT3A/PLK1/BIRC5/FOXM1/TOP2A/CENPF/HMGB2/AURKB/AARS/DLGAP5/CDK1/MYBL2/CCNA2/PTTG1/NEK2/DEPDC1/CDH13/ZBED2/ANKRD1/BRIP1/DBF4B/SERPINE1/CSF2/STC2/PIF1/TRIP13/FANCD2/ESCO2/PSRC1/BLM/TICRR/CCNA1/IL6/GAL"
"GO:1903506","GO:1903506","regulation of nucleic acid-templated transcription",92,0.350021458126494,1.53974563848404,0.0162822252374491,0.0493719087845231,0.0294406958877476,146,"tags=28%, list=17%, signal=26%","DNMT3A/PLK1/BIRC5/FOXM1/TOP2A/CENPF/HMGB2/AURKB/DLGAP5/MYBL2/CCNA2/PTTG1/DEPDC1/CDH13/ZBED2/ANKRD1/BRIP1/SERPINE1/CSF2/TRIP13/FANCD2/PSRC1/BLM/CCNA1/IL6/GAL"
"GO:0002682","GO:0002682","regulation of immune system process",62,-0.328250738546424,-1.50622115954618,0.0165016501650165,0.049836308932098,0.0297176198279308,166,"tags=31%, list=19%, signal=27%","GPNMB/AMBP/VTN/SKAP1/SHH/NR1H4/ENPP3/S100A1/EFNB3/APOE/IL1R1/C3/SCIN/SERPING1/RARRES2/CXCL14/C1S/CFI"
